-- --------------------------------------------------------
-- Host:                         127.0.0.1
-- Server version:               8.0.36 - MySQL Community Server - GPL
-- Server OS:                    Win64
-- HeidiSQL Version:             12.6.0.6765
-- --------------------------------------------------------

/*!40101 SET @OLD_CHARACTER_SET_CLIENT=@@CHARACTER_SET_CLIENT */;
/*!40101 SET NAMES utf8 */;
/*!50503 SET NAMES utf8mb4 */;
/*!40103 SET @OLD_TIME_ZONE=@@TIME_ZONE */;
/*!40103 SET TIME_ZONE='+00:00' */;
/*!40014 SET @OLD_FOREIGN_KEY_CHECKS=@@FOREIGN_KEY_CHECKS, FOREIGN_KEY_CHECKS=0 */;
/*!40101 SET @OLD_SQL_MODE=@@SQL_MODE, SQL_MODE='NO_AUTO_VALUE_ON_ZERO' */;
/*!40111 SET @OLD_SQL_NOTES=@@SQL_NOTES, SQL_NOTES=0 */;


-- Dumping database structure for water-monitoring-system-db
CREATE DATABASE IF NOT EXISTS `water-monitoring-system-db` /*!40100 DEFAULT CHARACTER SET utf8mb4 COLLATE utf8mb4_unicode_ci */ /*!80016 DEFAULT ENCRYPTION='N' */;
USE `water-monitoring-system-db`;

-- Dumping structure for table water-monitoring-system-db.devices
CREATE TABLE IF NOT EXISTS `devices` (
  `device_id` char(36) COLLATE utf8mb4_unicode_ci NOT NULL,
  `status` varchar(8) COLLATE utf8mb4_unicode_ci NOT NULL DEFAULT 'IDLE',
  `last_established_connection` timestamp NOT NULL DEFAULT (now()) ON UPDATE CURRENT_TIMESTAMP,
  PRIMARY KEY (`device_id`),
  KEY `device_status` (`status`),
  CONSTRAINT `device_status` FOREIGN KEY (`status`) REFERENCES `device_statuses` (`status`) ON UPDATE CASCADE
) ENGINE=InnoDB DEFAULT CHARSET=utf8mb4 COLLATE=utf8mb4_unicode_ci;

-- Dumping data for table water-monitoring-system-db.devices: ~0 rows (approximately)
DELETE FROM `devices`;

-- Dumping structure for table water-monitoring-system-db.device_statuses
CREATE TABLE IF NOT EXISTS `device_statuses` (
  `status` varchar(8) COLLATE utf8mb4_unicode_ci NOT NULL,
  PRIMARY KEY (`status`)
) ENGINE=InnoDB DEFAULT CHARSET=utf8mb4 COLLATE=utf8mb4_unicode_ci;

-- Dumping data for table water-monitoring-system-db.device_statuses: ~3 rows (approximately)
DELETE FROM `device_statuses`;
INSERT INTO `device_statuses` (`status`) VALUES
	('ACTIVE'),
	('IDLE'),
	('INACTIVE');

-- Dumping structure for table water-monitoring-system-db.farms
CREATE TABLE IF NOT EXISTS `farms` (
  `farm_id` int NOT NULL AUTO_INCREMENT,
  `name` varchar(128) COLLATE utf8mb4_unicode_ci NOT NULL,
  `address_street` varchar(128) COLLATE utf8mb4_unicode_ci NOT NULL,
  `address_city` varchar(128) COLLATE utf8mb4_unicode_ci NOT NULL,
  `address_province` varchar(128) COLLATE utf8mb4_unicode_ci NOT NULL,
  `latitude` decimal(10,8) DEFAULT NULL,
  `longitude` decimal(11,8) DEFAULT NULL,
  `map_timestamp` timestamp NULL DEFAULT NULL,
  PRIMARY KEY (`farm_id`),
  UNIQUE KEY `name` (`name`)
) ENGINE=InnoDB DEFAULT CHARSET=utf8mb4 COLLATE=utf8mb4_unicode_ci;

-- Dumping data for table water-monitoring-system-db.farms: ~1 rows (approximately)
DELETE FROM `farms`;
INSERT INTO `farms` (`farm_id`, `name`, `address_street`, `address_city`, `address_province`, `latitude`, `longitude`, `map_timestamp`) VALUES
	(15, 'MSU College of Fisheries Research Station', 'Siguel Road', 'General Santos City', 'South Cotabato', 5.95996127, 125.10584247, NULL);

-- Dumping structure for table water-monitoring-system-db.farm_farmer
CREATE TABLE IF NOT EXISTS `farm_farmer` (
  `farm_id` int NOT NULL,
  `farmer_id` int NOT NULL,
  `role` char(5) COLLATE utf8mb4_unicode_ci NOT NULL DEFAULT 'STAFF',
  `is_approved` tinyint NOT NULL DEFAULT '0',
  PRIMARY KEY (`farm_id`,`farmer_id`),
  KEY `farm_farmer_id` (`farmer_id`),
  KEY `farm_farmer_role` (`role`),
  CONSTRAINT `farm_farmer_id` FOREIGN KEY (`farmer_id`) REFERENCES `users` (`user_id`) ON DELETE CASCADE ON UPDATE CASCADE,
  CONSTRAINT `farm_farmer_role` FOREIGN KEY (`role`) REFERENCES `farm_farmer_roles` (`role`) ON DELETE CASCADE ON UPDATE CASCADE,
  CONSTRAINT `farmer_farm_id` FOREIGN KEY (`farm_id`) REFERENCES `farms` (`farm_id`) ON DELETE CASCADE ON UPDATE CASCADE
) ENGINE=InnoDB DEFAULT CHARSET=utf8mb4 COLLATE=utf8mb4_unicode_ci;

-- Dumping data for table water-monitoring-system-db.farm_farmer: ~1 rows (approximately)
DELETE FROM `farm_farmer`;
INSERT INTO `farm_farmer` (`farm_id`, `farmer_id`, `role`, `is_approved`) VALUES
	(15, 1, 'OWNER', 1);

-- Dumping structure for table water-monitoring-system-db.farm_farmer_roles
CREATE TABLE IF NOT EXISTS `farm_farmer_roles` (
  `role` char(5) COLLATE utf8mb4_unicode_ci NOT NULL,
  PRIMARY KEY (`role`)
) ENGINE=InnoDB DEFAULT CHARSET=utf8mb4 COLLATE=utf8mb4_unicode_ci;

-- Dumping data for table water-monitoring-system-db.farm_farmer_roles: ~2 rows (approximately)
DELETE FROM `farm_farmer_roles`;
INSERT INTO `farm_farmer_roles` (`role`) VALUES
	('OWNER'),
	('STAFF');

-- Dumping structure for table water-monitoring-system-db.parameters
CREATE TABLE IF NOT EXISTS `parameters` (
  `parameter_id` int NOT NULL AUTO_INCREMENT,
  `pond_id` int DEFAULT NULL,
  `parameter` varchar(3) COLLATE utf8mb4_unicode_ci NOT NULL,
  PRIMARY KEY (`parameter_id`),
  KEY `parameter_pond_id` (`pond_id`),
  KEY `parameter_parameter` (`parameter`),
  CONSTRAINT `parameter_parameter` FOREIGN KEY (`parameter`) REFERENCES `parameter_list` (`parameter`),
  CONSTRAINT `parameter_pond_id` FOREIGN KEY (`pond_id`) REFERENCES `ponds` (`pond_id`) ON DELETE CASCADE ON UPDATE CASCADE
) ENGINE=InnoDB DEFAULT CHARSET=utf8mb4 COLLATE=utf8mb4_unicode_ci;

-- Dumping data for table water-monitoring-system-db.parameters: ~4 rows (approximately)
DELETE FROM `parameters`;
INSERT INTO `parameters` (`parameter_id`, `pond_id`, `parameter`) VALUES
	(141, 36, 'TMP'),
	(142, 36, 'PH'),
	(143, 36, 'TDS'),
	(144, 36, 'AMN');

-- Dumping structure for table water-monitoring-system-db.parameter_list
CREATE TABLE IF NOT EXISTS `parameter_list` (
  `parameter` varchar(3) COLLATE utf8mb4_unicode_ci NOT NULL,
  `name` varchar(64) COLLATE utf8mb4_unicode_ci NOT NULL,
  `unit` varchar(16) COLLATE utf8mb4_unicode_ci NOT NULL,
  PRIMARY KEY (`parameter`)
) ENGINE=InnoDB DEFAULT CHARSET=utf8mb4 COLLATE=utf8mb4_unicode_ci;

-- Dumping data for table water-monitoring-system-db.parameter_list: ~4 rows (approximately)
DELETE FROM `parameter_list`;
INSERT INTO `parameter_list` (`parameter`, `name`, `unit`) VALUES
	('AMN', 'Ammonia', 'ppm'),
	('PH', 'pH', 'pH'),
	('TDS', 'Total Dissolved Solids', 'ppm'),
	('TMP', 'Temperature', '°C');

-- Dumping structure for table water-monitoring-system-db.parameter_thresholds
CREATE TABLE IF NOT EXISTS `parameter_thresholds` (
  `threshold_id` int NOT NULL AUTO_INCREMENT,
  `parameter` varchar(3) COLLATE utf8mb4_unicode_ci NOT NULL DEFAULT '',
  `type` char(2) COLLATE utf8mb4_unicode_ci NOT NULL,
  `action` char(4) COLLATE utf8mb4_unicode_ci NOT NULL,
  `target` double NOT NULL DEFAULT '0',
  `error` double NOT NULL DEFAULT '0',
  PRIMARY KEY (`threshold_id`),
  KEY `default_threshold_parameter` (`parameter`),
  KEY `default_threshold_type` (`type`),
  KEY `default_threshold_action` (`action`),
  CONSTRAINT `default_threshold_action` FOREIGN KEY (`action`) REFERENCES `parameter_threshold_actions` (`action`),
  CONSTRAINT `default_threshold_parameter` FOREIGN KEY (`parameter`) REFERENCES `parameter_list` (`parameter`),
  CONSTRAINT `default_threshold_type` FOREIGN KEY (`type`) REFERENCES `parameter_threshold_types` (`type`) ON UPDATE CASCADE
) ENGINE=InnoDB DEFAULT CHARSET=utf8mb4 COLLATE=utf8mb4_unicode_ci;

-- Dumping data for table water-monitoring-system-db.parameter_thresholds: ~6 rows (approximately)
DELETE FROM `parameter_thresholds`;
INSERT INTO `parameter_thresholds` (`threshold_id`, `parameter`, `type`, `action`, `target`, `error`) VALUES
	(1, 'TMP', 'GT', 'WARN', 30, 0.5),
	(2, 'TMP', 'LT', 'WARN', 20, 0.5),
	(3, 'AMN', 'GT', 'ALRT', 300, 0.5),
	(4, 'PH', 'GT', 'ALRT', 9, 0.2),
	(5, 'PH', 'LT', 'ALRT', 6, 0.2),
	(6, 'TDS', 'GT', 'WARN', 600, 10);

-- Dumping structure for table water-monitoring-system-db.parameter_threshold_actions
CREATE TABLE IF NOT EXISTS `parameter_threshold_actions` (
  `action` char(4) COLLATE utf8mb4_unicode_ci NOT NULL,
  PRIMARY KEY (`action`)
) ENGINE=InnoDB DEFAULT CHARSET=utf8mb4 COLLATE=utf8mb4_unicode_ci;

-- Dumping data for table water-monitoring-system-db.parameter_threshold_actions: ~3 rows (approximately)
DELETE FROM `parameter_threshold_actions`;
INSERT INTO `parameter_threshold_actions` (`action`) VALUES
	('ALRT'),
	('INFO'),
	('WARN');

-- Dumping structure for table water-monitoring-system-db.parameter_threshold_types
CREATE TABLE IF NOT EXISTS `parameter_threshold_types` (
  `type` char(2) COLLATE utf8mb4_unicode_ci NOT NULL,
  PRIMARY KEY (`type`)
) ENGINE=InnoDB DEFAULT CHARSET=utf8mb4 COLLATE=utf8mb4_unicode_ci;

-- Dumping data for table water-monitoring-system-db.parameter_threshold_types: ~3 rows (approximately)
DELETE FROM `parameter_threshold_types`;
INSERT INTO `parameter_threshold_types` (`type`) VALUES
	('EQ'),
	('GT'),
	('LT');

-- Dumping structure for table water-monitoring-system-db.ponds
CREATE TABLE IF NOT EXISTS `ponds` (
  `pond_id` int NOT NULL AUTO_INCREMENT,
  `device_id` char(36) COLLATE utf8mb4_unicode_ci DEFAULT NULL,
  `farm_id` int DEFAULT NULL,
  `name` varchar(32) COLLATE utf8mb4_unicode_ci NOT NULL DEFAULT 'My Pond',
  `width` double DEFAULT '0',
  `length` double DEFAULT '0',
  `depth` double DEFAULT '0',
  `method` varchar(50) COLLATE utf8mb4_unicode_ci DEFAULT 'NONE',
  `latitude` decimal(10,8) DEFAULT NULL,
  `longitude` decimal(11,8) DEFAULT NULL,
  `map_timestamp` timestamp NULL DEFAULT NULL,
  PRIMARY KEY (`pond_id`) USING BTREE,
  KEY `pond_farm_id` (`farm_id`),
  KEY `pond_method` (`method`),
  KEY `pond_device_id` (`device_id`),
  CONSTRAINT `pond_device_id` FOREIGN KEY (`device_id`) REFERENCES `devices` (`device_id`) ON DELETE SET NULL,
  CONSTRAINT `pond_farm_id` FOREIGN KEY (`farm_id`) REFERENCES `farms` (`farm_id`) ON DELETE CASCADE ON UPDATE CASCADE,
  CONSTRAINT `pond_method` FOREIGN KEY (`method`) REFERENCES `pond_methods` (`method`) ON UPDATE CASCADE
) ENGINE=InnoDB DEFAULT CHARSET=utf8mb4 COLLATE=utf8mb4_unicode_ci COMMENT='INTENSIVE\r\nSEMI-INTENSIVE\r\nTRADITIONAL';

-- Dumping data for table water-monitoring-system-db.ponds: ~1 rows (approximately)
DELETE FROM `ponds`;
INSERT INTO `ponds` (`pond_id`, `device_id`, `farm_id`, `name`, `width`, `length`, `depth`, `method`, `latitude`, `longitude`, `map_timestamp`) VALUES
	(36, NULL, 15, 'Pond 1', 0, 0, 0, 'SEMI-INTENSIVE', 5.95941617, 125.10555717, NULL);

-- Dumping structure for table water-monitoring-system-db.pond_methods
CREATE TABLE IF NOT EXISTS `pond_methods` (
  `method` varchar(50) COLLATE utf8mb4_unicode_ci NOT NULL,
  PRIMARY KEY (`method`)
) ENGINE=InnoDB DEFAULT CHARSET=utf8mb4 COLLATE=utf8mb4_unicode_ci;

-- Dumping data for table water-monitoring-system-db.pond_methods: ~5 rows (approximately)
DELETE FROM `pond_methods`;
INSERT INTO `pond_methods` (`method`) VALUES
	('INTENSIVE'),
	('NONE'),
	('SEMI-INTENSIVE'),
	('SUPER-INTENSIVE'),
	('TRADITIONAL');

-- Dumping structure for table water-monitoring-system-db.pond_reading_notifications
CREATE TABLE IF NOT EXISTS `pond_reading_notifications` (
  `reading_notification_id` int NOT NULL AUTO_INCREMENT,
  `user_id` int NOT NULL,
  `reading_id` int NOT NULL,
  `threshold_id` int NOT NULL,
  `issued_at` timestamp NOT NULL DEFAULT (now()) ON UPDATE CURRENT_TIMESTAMP,
  `date_resolved` timestamp NULL DEFAULT NULL,
  `is_resolved` tinyint DEFAULT (0),
  PRIMARY KEY (`reading_notification_id`) USING BTREE,
  KEY `sensor_notification_threshold_id` (`threshold_id`),
  KEY `sensor_notification_reading_id` (`reading_id`),
  KEY `sensor_notification_user_id` (`user_id`),
  CONSTRAINT `FK_reading_notifications_parameter_thresholds` FOREIGN KEY (`threshold_id`) REFERENCES `parameter_thresholds` (`threshold_id`) ON DELETE CASCADE ON UPDATE CASCADE,
  CONSTRAINT `sensor_notification_reading_id` FOREIGN KEY (`reading_id`) REFERENCES `readings` (`reading_id`) ON DELETE CASCADE ON UPDATE CASCADE,
  CONSTRAINT `sensor_notification_user_id` FOREIGN KEY (`user_id`) REFERENCES `users` (`user_id`) ON DELETE CASCADE ON UPDATE CASCADE
) ENGINE=InnoDB DEFAULT CHARSET=utf8mb4 COLLATE=utf8mb4_unicode_ci;

-- Dumping data for table water-monitoring-system-db.pond_reading_notifications: ~0 rows (approximately)
DELETE FROM `pond_reading_notifications`;

-- Dumping structure for table water-monitoring-system-db.pond_water_quality_notifications
CREATE TABLE IF NOT EXISTS `pond_water_quality_notifications` (
  `notification_id` int NOT NULL AUTO_INCREMENT,
  `pond_id` int DEFAULT NULL,
  `water_quality` varchar(50) COLLATE utf8mb4_unicode_ci NOT NULL DEFAULT 'FAIR',
  `is_resolved` tinyint NOT NULL DEFAULT (0),
  `date_resolved` timestamp NULL DEFAULT NULL,
  `date_issued` timestamp NOT NULL DEFAULT (now()),
  `date_modified` timestamp NULL DEFAULT NULL ON UPDATE CURRENT_TIMESTAMP,
  PRIMARY KEY (`notification_id`),
  KEY `notification_pond_id` (`pond_id`),
  CONSTRAINT `notification_pond_id` FOREIGN KEY (`pond_id`) REFERENCES `ponds` (`pond_id`) ON DELETE CASCADE ON UPDATE CASCADE
) ENGINE=InnoDB DEFAULT CHARSET=utf8mb4 COLLATE=utf8mb4_unicode_ci;

-- Dumping data for table water-monitoring-system-db.pond_water_quality_notifications: ~0 rows (approximately)
DELETE FROM `pond_water_quality_notifications`;

-- Dumping structure for table water-monitoring-system-db.readings
CREATE TABLE IF NOT EXISTS `readings` (
  `reading_id` int NOT NULL AUTO_INCREMENT,
  `parameter_id` int DEFAULT NULL,
  `value` double NOT NULL DEFAULT '0',
  `recorded_at` timestamp NOT NULL DEFAULT (now()),
  `modified_at` timestamp NOT NULL DEFAULT (now()) ON UPDATE CURRENT_TIMESTAMP,
  `isRecordedBySensor` tinyint NOT NULL DEFAULT '1',
  PRIMARY KEY (`reading_id`),
  KEY `reading_parameter_id` (`parameter_id`),
  CONSTRAINT `reading_parameter_id` FOREIGN KEY (`parameter_id`) REFERENCES `parameters` (`parameter_id`) ON DELETE CASCADE ON UPDATE CASCADE
) ENGINE=InnoDB DEFAULT CHARSET=utf8mb4 COLLATE=utf8mb4_unicode_ci;

-- Dumping data for table water-monitoring-system-db.readings: ~0 rows (approximately)
DELETE FROM `readings`;
INSERT INTO `readings` (`reading_id`, `parameter_id`, `value`, `recorded_at`, `modified_at`, `isRecordedBySensor`) VALUES
	(488, 142, 6.09, '2024-04-22 04:19:15', '2024-05-13 01:24:17', 1),
	(489, 144, 13, '2024-04-22 04:19:15', '2024-05-13 01:24:19', 1),
	(490, 143, 158, '2024-04-22 04:19:15', '2024-05-13 01:24:19', 1),
	(491, 141, 33, '2024-04-22 04:19:15', '2024-05-13 01:24:19', 1),
	(492, 142, 6.23, '2024-04-22 04:19:25', '2024-05-13 01:24:19', 1),
	(493, 144, 15, '2024-04-22 04:19:25', '2024-05-13 01:24:19', 1),
	(494, 143, 158, '2024-04-22 04:19:25', '2024-05-13 01:24:19', 1),
	(495, 141, 33, '2024-04-22 04:19:25', '2024-05-13 01:24:19', 1),
	(496, 142, 6.15, '2024-04-22 04:19:35', '2024-05-13 01:24:19', 1),
	(497, 144, 14, '2024-04-22 04:19:35', '2024-05-13 01:24:19', 1),
	(498, 143, 158, '2024-04-22 04:19:35', '2024-05-13 01:24:19', 1),
	(499, 141, 33, '2024-04-22 04:19:35', '2024-05-13 01:24:19', 1),
	(500, 142, 6.09, '2024-04-22 04:24:09', '2024-05-13 01:24:19', 1),
	(501, 144, 16, '2024-04-22 04:24:09', '2024-05-13 01:24:20', 1),
	(502, 143, 157, '2024-04-22 04:24:09', '2024-05-13 01:24:20', 1),
	(503, 141, 29, '2024-04-22 04:24:09', '2024-05-13 01:24:20', 1),
	(504, 142, 6.13, '2024-04-22 04:24:19', '2024-05-13 01:24:20', 1),
	(505, 144, 20, '2024-04-22 04:24:19', '2024-05-13 01:24:20', 1),
	(506, 143, 157, '2024-04-22 04:24:19', '2024-05-13 01:24:20', 1),
	(507, 141, 29, '2024-04-22 04:24:19', '2024-05-13 01:24:20', 1),
	(508, 142, 6.14, '2024-04-22 04:24:29', '2024-05-13 01:24:20', 1),
	(509, 144, 15, '2024-04-22 04:24:29', '2024-05-13 01:24:20', 1),
	(510, 143, 156, '2024-04-22 04:24:29', '2024-05-13 01:24:20', 1),
	(511, 141, 29, '2024-04-22 04:24:29', '2024-05-13 01:24:20', 1),
	(512, 142, 6.18, '2024-04-22 04:24:39', '2024-05-13 01:24:20', 1),
	(513, 144, 20, '2024-04-22 04:24:39', '2024-05-13 01:24:20', 1),
	(514, 143, 156, '2024-04-22 04:24:39', '2024-05-13 01:24:20', 1),
	(515, 141, 29, '2024-04-22 04:24:39', '2024-05-13 01:24:20', 1),
	(516, 142, 6, '2024-04-22 04:24:49', '2024-05-13 01:24:21', 1),
	(517, 144, 21, '2024-04-22 04:24:49', '2024-05-13 01:24:21', 1),
	(518, 143, 157, '2024-04-22 04:24:49', '2024-05-13 01:24:21', 1),
	(519, 141, 29, '2024-04-22 04:24:49', '2024-05-13 01:24:21', 1),
	(520, 142, 6.13, '2024-04-22 04:24:59', '2024-05-13 01:24:21', 1),
	(521, 144, 20, '2024-04-22 04:24:59', '2024-05-13 01:24:21', 1),
	(522, 143, 156, '2024-04-22 04:24:59', '2024-05-13 01:24:21', 1),
	(523, 141, 28, '2024-04-22 04:24:59', '2024-05-13 01:24:21', 1),
	(524, 142, 6.06, '2024-04-22 04:25:09', '2024-05-13 01:24:21', 1),
	(525, 144, 15, '2024-04-22 04:25:09', '2024-05-13 01:24:21', 1),
	(526, 143, 157, '2024-04-22 04:25:09', '2024-05-13 01:24:21', 1),
	(527, 141, 28, '2024-04-22 04:25:09', '2024-05-13 01:24:21', 1),
	(528, 142, 5.86, '2024-04-22 04:25:19', '2024-05-13 01:24:21', 1),
	(529, 144, 18, '2024-04-22 04:25:19', '2024-05-13 01:24:21', 1),
	(530, 143, 157, '2024-04-22 04:25:19', '2024-05-13 01:24:22', 1),
	(531, 141, 28, '2024-04-22 04:25:19', '2024-05-13 01:24:22', 1),
	(532, 142, 5.97, '2024-04-22 04:25:29', '2024-05-13 01:24:22', 1),
	(533, 144, 20, '2024-04-22 04:25:29', '2024-05-13 01:24:22', 1),
	(534, 143, 157, '2024-04-22 04:25:29', '2024-05-13 01:24:22', 1),
	(535, 141, 28, '2024-04-22 04:25:29', '2024-05-13 01:24:22', 1),
	(536, 142, 6.06, '2024-04-22 04:25:39', '2024-05-13 01:24:22', 1),
	(537, 144, 16, '2024-04-22 04:25:39', '2024-05-13 01:24:22', 1),
	(538, 143, 157, '2024-04-22 04:25:39', '2024-05-13 01:24:22', 1),
	(539, 141, 28, '2024-04-22 04:25:39', '2024-05-13 01:24:22', 1),
	(540, 142, 6.28, '2024-04-22 04:25:49', '2024-05-13 01:24:22', 1),
	(541, 144, 15, '2024-04-22 04:25:49', '2024-05-13 01:24:22', 1),
	(542, 143, 156, '2024-04-22 04:25:49', '2024-05-13 01:24:22', 1),
	(543, 141, 28, '2024-04-22 04:25:49', '2024-05-13 01:24:23', 1),
	(544, 142, 6.32, '2024-04-22 04:25:59', '2024-05-13 01:24:23', 1),
	(545, 144, 19, '2024-04-22 04:25:59', '2024-05-13 01:24:23', 1),
	(546, 143, 156, '2024-04-22 04:25:59', '2024-05-13 01:24:23', 1),
	(547, 141, 28, '2024-04-22 04:25:59', '2024-05-13 01:24:23', 1),
	(548, 142, 6.34, '2024-04-22 04:26:09', '2024-05-13 01:24:23', 1),
	(549, 144, 21, '2024-04-22 04:26:09', '2024-05-13 01:24:23', 1),
	(550, 143, 156, '2024-04-22 04:26:09', '2024-05-13 01:24:23', 1),
	(551, 141, 28, '2024-04-22 04:26:09', '2024-05-13 01:24:23', 1),
	(552, 142, 6.15, '2024-04-22 04:26:19', '2024-05-13 01:24:23', 1),
	(553, 144, 17, '2024-04-22 04:26:19', '2024-05-13 01:24:23', 1),
	(554, 143, 156, '2024-04-22 04:26:19', '2024-05-13 01:24:23', 1),
	(555, 141, 28, '2024-04-22 04:26:19', '2024-05-13 01:24:24', 1),
	(556, 142, 6.32, '2024-04-22 04:26:30', '2024-05-13 01:24:24', 1),
	(557, 144, 14, '2024-04-22 04:26:30', '2024-05-13 01:24:24', 1),
	(558, 143, 156, '2024-04-22 04:26:30', '2024-05-13 01:24:24', 1),
	(559, 141, 28, '2024-04-22 04:26:30', '2024-05-13 01:24:24', 1),
	(560, 142, 6.19, '2024-04-22 04:26:40', '2024-05-13 01:24:24', 1),
	(561, 144, 18, '2024-04-22 04:26:40', '2024-05-13 01:24:24', 1),
	(562, 143, 156, '2024-04-22 04:26:40', '2024-05-13 01:24:24', 1),
	(563, 141, 28, '2024-04-22 04:26:40', '2024-05-13 01:24:24', 1),
	(564, 142, 6.34, '2024-04-22 04:26:50', '2024-05-13 01:24:24', 1),
	(565, 144, 20, '2024-04-22 04:26:50', '2024-05-13 01:24:24', 1),
	(566, 143, 155, '2024-04-22 04:26:50', '2024-05-13 01:24:24', 1),
	(567, 141, 28, '2024-04-22 04:26:50', '2024-05-13 01:24:24', 1),
	(568, 142, 6.18, '2024-04-22 04:27:00', '2024-05-13 01:24:24', 1),
	(569, 144, 10, '2024-04-22 04:27:00', '2024-05-13 01:24:24', 1),
	(570, 143, 155, '2024-04-22 04:27:00', '2024-05-13 01:24:25', 1),
	(571, 141, 28, '2024-04-22 04:27:00', '2024-05-13 01:24:25', 1),
	(572, 142, 6.28, '2024-04-22 04:27:10', '2024-05-13 01:24:25', 1),
	(573, 144, 14, '2024-04-22 04:27:10', '2024-05-13 01:24:25', 1),
	(574, 143, 155, '2024-04-22 04:27:10', '2024-05-13 01:24:25', 1),
	(575, 141, 28, '2024-04-22 04:27:10', '2024-05-13 01:24:25', 1),
	(576, 142, 6.24, '2024-04-22 04:27:20', '2024-05-13 01:24:25', 1),
	(577, 144, 16, '2024-04-22 04:27:20', '2024-05-13 01:24:25', 1),
	(578, 143, 155, '2024-04-22 04:27:20', '2024-05-13 01:24:25', 1),
	(579, 141, 28, '2024-04-22 04:27:20', '2024-05-13 01:24:25', 1),
	(580, 142, 6.28, '2024-04-22 04:27:30', '2024-05-13 01:24:25', 1),
	(581, 144, 21, '2024-04-22 04:27:30', '2024-05-13 01:24:25', 1),
	(582, 143, 155, '2024-04-22 04:27:30', '2024-05-13 01:24:25', 1),
	(583, 141, 27, '2024-04-22 04:27:30', '2024-05-13 01:24:26', 1),
	(584, 142, 6.14, '2024-04-22 04:27:40', '2024-05-13 01:24:26', 1),
	(585, 144, 10, '2024-04-22 04:27:40', '2024-05-13 01:24:26', 1),
	(586, 143, 155, '2024-04-22 04:27:40', '2024-05-13 01:24:26', 1),
	(587, 141, 28, '2024-04-22 04:27:40', '2024-05-13 01:24:26', 1),
	(588, 142, 6.15, '2024-04-22 04:27:50', '2024-05-13 01:24:26', 1),
	(589, 144, 16, '2024-04-22 04:27:50', '2024-05-13 01:24:26', 1),
	(590, 143, 155, '2024-04-22 04:27:50', '2024-05-13 01:24:26', 1),
	(591, 141, 27, '2024-04-22 04:27:50', '2024-05-13 01:24:26', 1),
	(592, 142, 6.16, '2024-04-22 04:28:00', '2024-05-13 01:24:26', 1),
	(593, 144, 15, '2024-04-22 04:28:00', '2024-05-13 01:24:26', 1),
	(594, 143, 155, '2024-04-22 04:28:00', '2024-05-13 01:24:26', 1),
	(595, 141, 27, '2024-04-22 04:28:00', '2024-05-13 01:24:26', 1),
	(596, 142, 6.16, '2024-04-22 04:28:10', '2024-05-13 01:24:26', 1),
	(597, 144, 21, '2024-04-22 04:28:10', '2024-05-13 01:24:27', 1),
	(598, 143, 154, '2024-04-22 04:28:10', '2024-05-13 01:24:27', 1),
	(599, 141, 27, '2024-04-22 04:28:10', '2024-05-13 01:24:27', 1),
	(600, 142, 6.15, '2024-04-22 04:28:20', '2024-05-13 01:24:27', 1),
	(601, 144, 18, '2024-04-22 04:28:20', '2024-05-13 01:24:27', 1),
	(602, 143, 154, '2024-04-22 04:28:20', '2024-05-13 01:24:27', 1),
	(603, 141, 27, '2024-04-22 04:28:20', '2024-05-13 01:24:27', 1),
	(604, 142, 6.3, '2024-04-22 04:28:30', '2024-05-13 01:24:27', 1),
	(605, 144, 22, '2024-04-22 04:28:30', '2024-05-13 01:24:27', 1),
	(606, 143, 154, '2024-04-22 04:28:30', '2024-05-13 01:24:27', 1),
	(607, 141, 27, '2024-04-22 04:28:30', '2024-05-13 01:24:27', 1),
	(608, 142, 6.12, '2024-04-22 04:28:40', '2024-05-13 01:24:27', 1),
	(609, 144, 16, '2024-04-22 04:28:40', '2024-05-13 01:24:27', 1),
	(610, 143, 154, '2024-04-22 04:28:40', '2024-05-13 01:24:28', 1),
	(611, 141, 26, '2024-04-22 04:28:40', '2024-05-13 01:24:28', 1),
	(612, 142, 6.26, '2024-04-22 04:28:51', '2024-05-13 01:24:28', 1),
	(613, 144, 22, '2024-04-22 04:28:51', '2024-05-13 01:24:28', 1),
	(614, 143, 154, '2024-04-22 04:28:51', '2024-05-13 01:24:28', 1),
	(615, 141, 26, '2024-04-22 04:28:51', '2024-05-13 01:24:28', 1),
	(616, 142, 6.12, '2024-04-22 04:29:01', '2024-05-13 01:24:28', 1),
	(617, 144, 22, '2024-04-22 04:29:01', '2024-05-13 01:24:28', 1),
	(618, 143, 154, '2024-04-22 04:29:01', '2024-05-13 01:24:29', 1),
	(619, 141, 26, '2024-04-22 04:29:01', '2024-05-13 01:24:29', 1),
	(620, 142, 6.3, '2024-04-22 04:29:11', '2024-05-13 01:24:29', 1),
	(621, 144, 21, '2024-04-22 04:29:11', '2024-05-13 01:24:29', 1),
	(622, 143, 154, '2024-04-22 04:29:11', '2024-05-13 01:24:29', 1),
	(623, 141, 26, '2024-04-22 04:29:11', '2024-05-13 01:24:29', 1),
	(624, 142, 6.14, '2024-04-22 04:29:21', '2024-05-13 01:24:29', 1),
	(625, 144, 21, '2024-04-22 04:29:21', '2024-05-13 01:24:30', 1),
	(626, 143, 154, '2024-04-22 04:29:21', '2024-05-13 01:24:30', 1),
	(627, 141, 26, '2024-04-22 04:29:21', '2024-05-13 01:24:30', 1),
	(628, 142, 6.05, '2024-04-22 04:29:31', '2024-05-13 01:24:30', 1),
	(629, 144, 14, '2024-04-22 04:29:31', '2024-05-13 01:24:31', 1),
	(630, 143, 154, '2024-04-22 04:29:31', '2024-05-13 01:24:31', 1),
	(631, 141, 26, '2024-04-22 04:29:31', '2024-05-13 01:24:31', 1),
	(632, 142, 6.11, '2024-04-22 04:29:41', '2024-05-13 01:24:31', 1),
	(633, 144, 20, '2024-04-22 04:29:41', '2024-05-13 01:24:31', 1),
	(634, 143, 154, '2024-04-22 04:29:41', '2024-05-13 01:24:31', 1),
	(635, 141, 26, '2024-04-22 04:29:41', '2024-05-13 01:24:31', 1),
	(636, 142, 6.03, '2024-04-22 04:29:51', '2024-05-13 01:24:31', 1),
	(637, 144, 18, '2024-04-22 04:29:51', '2024-05-13 01:24:31', 1),
	(638, 143, 154, '2024-04-22 04:29:51', '2024-05-13 01:24:32', 1),
	(639, 141, 25, '2024-04-22 04:29:51', '2024-05-13 01:24:32', 1),
	(640, 142, 5.96, '2024-04-22 04:30:01', '2024-05-13 01:24:32', 1),
	(641, 144, 21, '2024-04-22 04:30:01', '2024-05-13 01:24:32', 1),
	(642, 143, 155, '2024-04-22 04:30:01', '2024-05-13 01:24:32', 1),
	(643, 141, 25, '2024-04-22 04:30:01', '2024-05-13 01:24:32', 1),
	(644, 142, 5.86, '2024-04-22 04:30:11', '2024-05-13 01:24:33', 1),
	(645, 144, 18, '2024-04-22 04:30:11', '2024-05-13 01:24:33', 1),
	(646, 143, 155, '2024-04-22 04:30:11', '2024-05-13 01:24:33', 1),
	(647, 141, 25, '2024-04-22 04:30:11', '2024-05-13 01:24:33', 1),
	(648, 142, 5.92, '2024-04-22 04:30:21', '2024-05-13 01:24:33', 1),
	(649, 144, 19, '2024-04-22 04:30:21', '2024-05-13 01:24:33', 1),
	(650, 143, 156, '2024-04-22 04:30:21', '2024-05-13 01:24:34', 1),
	(651, 141, 25, '2024-04-22 04:30:21', '2024-05-13 01:24:34', 1),
	(652, 142, 5.94, '2024-04-22 04:30:31', '2024-05-13 01:24:34', 1),
	(653, 144, 15, '2024-04-22 04:30:31', '2024-05-13 01:24:34', 1),
	(654, 143, 155, '2024-04-22 04:30:31', '2024-05-13 01:24:34', 1),
	(655, 141, 25, '2024-04-22 04:30:31', '2024-05-13 01:24:34', 1),
	(656, 142, 5.98, '2024-04-22 04:30:41', '2024-05-13 01:24:34', 1),
	(657, 144, 16, '2024-04-22 04:30:41', '2024-05-13 01:24:34', 1),
	(658, 143, 155, '2024-04-22 04:30:41', '2024-05-13 01:24:35', 1),
	(659, 141, 25, '2024-04-22 04:30:41', '2024-05-13 01:24:35', 1),
	(660, 142, 5.94, '2024-04-22 04:30:51', '2024-05-13 01:24:35', 1),
	(661, 144, 20, '2024-04-22 04:30:51', '2024-05-13 01:24:35', 1),
	(662, 143, 155, '2024-04-22 04:30:51', '2024-05-13 01:24:35', 1),
	(663, 141, 25, '2024-04-22 04:30:51', '2024-05-13 01:24:35', 1),
	(664, 142, 5.97, '2024-04-22 04:31:01', '2024-05-13 01:24:36', 1),
	(665, 144, 20, '2024-04-22 04:31:01', '2024-05-13 01:24:36', 1),
	(666, 143, 155, '2024-04-22 04:31:01', '2024-05-13 01:24:36', 1),
	(667, 141, 25, '2024-04-22 04:31:01', '2024-05-13 01:24:36', 1),
	(668, 142, 5.89, '2024-04-22 04:31:12', '2024-05-13 01:24:36', 1),
	(669, 144, 21, '2024-04-22 04:31:12', '2024-05-13 01:24:36', 1),
	(670, 143, 155, '2024-04-22 04:31:12', '2024-05-13 01:24:36', 1),
	(671, 141, 25, '2024-04-22 04:31:12', '2024-05-13 01:24:36', 1),
	(672, 142, 6.15, '2024-04-22 04:31:22', '2024-05-13 01:24:36', 1),
	(673, 144, 21, '2024-04-22 04:31:22', '2024-05-13 01:24:36', 1),
	(674, 143, 155, '2024-04-22 04:31:22', '2024-05-13 01:24:36', 1),
	(675, 141, 25, '2024-04-22 04:31:22', '2024-05-13 01:24:37', 1),
	(676, 142, 6.19, '2024-04-22 04:31:32', '2024-05-13 01:24:37', 1),
	(677, 144, 21, '2024-04-22 04:31:32', '2024-05-13 01:24:37', 1),
	(678, 143, 154, '2024-04-22 04:31:32', '2024-05-13 01:24:37', 1),
	(679, 141, 25, '2024-04-22 04:31:32', '2024-05-13 01:24:37', 1),
	(680, 142, 5.94, '2024-04-22 04:31:42', '2024-05-13 01:24:37', 1),
	(681, 144, 21, '2024-04-22 04:31:42', '2024-05-13 01:24:37', 1),
	(682, 143, 155, '2024-04-22 04:31:42', '2024-05-13 01:24:37', 1),
	(683, 141, 25, '2024-04-22 04:31:42', '2024-05-13 01:24:38', 1),
	(684, 142, 6.02, '2024-04-22 04:31:52', '2024-05-13 01:24:38', 1),
	(685, 144, 16, '2024-04-22 04:31:52', '2024-05-13 01:24:38', 1),
	(686, 143, 154, '2024-04-22 04:31:52', '2024-05-13 01:24:38', 1),
	(687, 141, 25, '2024-04-22 04:31:52', '2024-05-13 01:24:38', 1),
	(688, 142, 6.05, '2024-04-22 04:32:02', '2024-05-13 01:24:38', 1),
	(689, 144, 16, '2024-04-22 04:32:02', '2024-05-13 01:24:38', 1),
	(690, 143, 154, '2024-04-22 04:32:02', '2024-05-13 01:24:38', 1),
	(691, 141, 25, '2024-04-22 04:32:02', '2024-05-13 01:24:38', 1),
	(692, 142, 6.23, '2024-04-22 04:32:12', '2024-05-13 01:24:39', 1),
	(693, 144, 17, '2024-04-22 04:32:12', '2024-05-13 01:24:39', 1),
	(694, 143, 153, '2024-04-22 04:32:12', '2024-05-13 01:24:39', 1),
	(695, 141, 25, '2024-04-22 04:32:12', '2024-05-13 01:24:39', 1),
	(696, 142, 6.06, '2024-04-22 04:32:22', '2024-05-13 01:24:39', 1),
	(697, 144, 16, '2024-04-22 04:32:22', '2024-05-13 01:24:39', 1),
	(698, 143, 153, '2024-04-22 04:32:22', '2024-05-13 01:24:40', 1),
	(699, 141, 25, '2024-04-22 04:32:22', '2024-05-13 01:24:40', 1),
	(700, 142, 6.18, '2024-04-22 04:32:32', '2024-05-13 01:24:40', 1),
	(701, 144, 18, '2024-04-22 04:32:32', '2024-05-13 01:24:40', 1),
	(702, 143, 154, '2024-04-22 04:32:32', '2024-05-13 01:24:40', 1),
	(703, 141, 24, '2024-04-22 04:32:32', '2024-05-13 01:24:41', 1),
	(704, 142, 6.06, '2024-04-22 04:32:42', '2024-05-13 01:24:41', 1),
	(705, 144, 20, '2024-04-22 04:32:42', '2024-05-13 01:24:41', 1),
	(706, 143, 154, '2024-04-22 04:32:42', '2024-05-13 01:24:41', 1),
	(707, 141, 24, '2024-04-22 04:32:42', '2024-05-13 01:24:41', 1),
	(708, 142, 6.21, '2024-04-22 04:32:52', '2024-05-13 01:24:41', 1),
	(709, 144, 21, '2024-04-22 04:32:52', '2024-05-13 01:24:41', 1),
	(710, 143, 153, '2024-04-22 04:32:52', '2024-05-13 01:24:42', 1),
	(711, 141, 24, '2024-04-22 04:32:52', '2024-05-13 01:24:42', 1),
	(712, 142, 6.18, '2024-04-22 04:33:02', '2024-05-13 01:24:42', 1),
	(713, 144, 21, '2024-04-22 04:33:02', '2024-05-13 01:24:42', 1),
	(714, 143, 153, '2024-04-22 04:33:02', '2024-05-13 01:24:42', 1),
	(715, 141, 24, '2024-04-22 04:33:02', '2024-05-13 01:24:42', 1),
	(716, 142, 6.22, '2024-04-22 04:33:12', '2024-05-13 01:24:42', 1),
	(717, 144, 21, '2024-04-22 04:33:12', '2024-05-13 01:24:42', 1),
	(718, 143, 153, '2024-04-22 04:33:12', '2024-05-13 01:24:43', 1),
	(719, 141, 24, '2024-04-22 04:33:12', '2024-05-13 01:24:43', 1),
	(720, 142, 6.01, '2024-04-22 04:33:22', '2024-05-13 01:24:43', 1),
	(721, 144, 17, '2024-04-22 04:33:22', '2024-05-13 01:24:44', 1),
	(722, 143, 153, '2024-04-22 04:33:22', '2024-05-13 01:24:44', 1),
	(723, 141, 24, '2024-04-22 04:33:22', '2024-05-13 01:24:44', 1),
	(724, 142, 6.18, '2024-04-22 04:33:33', '2024-05-13 01:24:44', 1),
	(725, 144, 21, '2024-04-22 04:33:33', '2024-05-13 01:24:45', 1),
	(726, 143, 153, '2024-04-22 04:33:33', '2024-05-13 01:24:45', 1),
	(727, 141, 24, '2024-04-22 04:33:33', '2024-05-13 01:24:45', 1),
	(728, 142, 6.14, '2024-04-22 04:33:43', '2024-05-13 01:24:46', 1),
	(729, 144, 16, '2024-04-22 04:33:43', '2024-05-13 01:24:46', 1),
	(730, 143, 153, '2024-04-22 04:33:43', '2024-05-13 01:24:46', 1),
	(731, 141, 24, '2024-04-22 04:33:43', '2024-05-13 01:24:46', 1),
	(732, 142, 6.2, '2024-04-22 04:33:53', '2024-05-13 01:24:47', 1),
	(733, 144, 21, '2024-04-22 04:33:53', '2024-05-13 01:24:47', 1),
	(734, 143, 153, '2024-04-22 04:33:53', '2024-05-13 01:24:47', 1),
	(735, 141, 24, '2024-04-22 04:33:53', '2024-05-13 01:24:47', 1),
	(736, 142, 6.18, '2024-04-22 04:34:03', '2024-05-13 01:24:47', 1),
	(737, 144, 17, '2024-04-22 04:34:03', '2024-05-13 01:24:48', 1),
	(738, 143, 153, '2024-04-22 04:34:03', '2024-05-13 01:24:48', 1),
	(739, 141, 24, '2024-04-22 04:34:03', '2024-05-13 01:24:48', 1),
	(740, 142, 5.99, '2024-04-22 04:34:13', '2024-05-13 01:24:48', 1),
	(741, 144, 17, '2024-04-22 04:34:13', '2024-05-13 01:24:49', 1),
	(742, 143, 153, '2024-04-22 04:34:13', '2024-05-13 01:24:49', 1),
	(743, 141, 24, '2024-04-22 04:34:13', '2024-05-13 01:24:49', 1),
	(744, 142, 6.15, '2024-04-22 04:34:23', '2024-05-13 01:24:49', 1),
	(745, 144, 21, '2024-04-22 04:34:23', '2024-05-13 01:24:49', 1),
	(746, 143, 153, '2024-04-22 04:34:23', '2024-05-13 01:24:50', 1),
	(747, 141, 24, '2024-04-22 04:34:23', '2024-05-13 01:24:50', 1),
	(748, 142, 6.14, '2024-04-22 04:34:33', '2024-05-13 01:24:50', 1),
	(749, 144, 21, '2024-04-22 04:34:33', '2024-05-13 01:24:50', 1),
	(750, 143, 153, '2024-04-22 04:34:33', '2024-05-13 01:24:50', 1),
	(751, 141, 24, '2024-04-22 04:34:33', '2024-05-13 01:24:51', 1),
	(752, 142, 5.74, '2024-04-22 04:34:43', '2024-05-13 01:24:51', 1),
	(753, 144, 14, '2024-04-22 04:34:43', '2024-05-13 01:24:51', 1),
	(754, 143, 155, '2024-04-22 04:34:43', '2024-05-13 01:24:51', 1),
	(755, 141, 24, '2024-04-22 04:34:43', '2024-05-13 01:24:52', 1),
	(756, 142, 5.81, '2024-04-22 04:34:53', '2024-05-13 01:24:52', 1),
	(757, 144, 21, '2024-04-22 04:34:53', '2024-05-13 01:24:52', 1),
	(758, 143, 156, '2024-04-22 04:34:53', '2024-05-13 01:24:52', 1),
	(759, 141, 24, '2024-04-22 04:34:53', '2024-05-13 01:24:52', 1),
	(760, 142, 5.59, '2024-04-22 04:35:03', '2024-05-13 01:24:53', 1),
	(761, 144, 20, '2024-04-22 04:35:03', '2024-05-13 01:24:53', 1),
	(762, 143, 156, '2024-04-22 04:35:03', '2024-05-13 01:24:53', 1),
	(763, 141, 23, '2024-04-22 04:35:03', '2024-05-13 01:24:53', 1),
	(764, 142, 5.8, '2024-04-22 04:35:13', '2024-05-13 01:24:53', 1),
	(765, 144, 15, '2024-04-22 04:35:13', '2024-05-13 01:24:54', 1),
	(766, 143, 155, '2024-04-22 04:35:13', '2024-05-13 01:24:54', 1),
	(767, 141, 23, '2024-04-22 04:35:13', '2024-05-13 01:24:54', 1),
	(768, 142, 6, '2024-04-22 04:35:23', '2024-05-13 01:24:54', 1),
	(769, 144, 15, '2024-04-22 04:35:23', '2024-05-13 01:24:54', 1),
	(770, 143, 154, '2024-04-22 04:35:23', '2024-05-13 01:24:55', 1),
	(771, 141, 23, '2024-04-22 04:35:23', '2024-05-13 01:24:55', 1),
	(772, 142, 5.89, '2024-04-22 04:35:33', '2024-05-13 01:24:55', 1),
	(773, 144, 20, '2024-04-22 04:35:33', '2024-05-13 01:24:55', 1),
	(774, 143, 154, '2024-04-22 04:35:33', '2024-05-13 01:24:56', 1),
	(775, 141, 23, '2024-04-22 04:35:33', '2024-05-13 01:24:56', 1),
	(776, 142, 5.52, '2024-04-22 04:35:43', '2024-05-13 01:24:56', 1),
	(777, 144, 13, '2024-04-22 04:35:43', '2024-05-13 01:24:56', 1),
	(778, 143, 155, '2024-04-22 04:35:43', '2024-05-13 01:24:56', 1),
	(779, 141, 23, '2024-04-22 04:35:43', '2024-05-13 01:24:57', 1),
	(780, 142, 5.59, '2024-04-22 04:35:53', '2024-05-13 01:24:57', 1),
	(781, 144, 20, '2024-04-22 04:35:53', '2024-05-13 01:24:57', 1),
	(782, 143, 155, '2024-04-22 04:35:53', '2024-05-13 01:24:57', 1),
	(783, 141, 23, '2024-04-22 04:35:53', '2024-05-13 01:24:57', 1),
	(784, 142, 5.72, '2024-04-22 04:36:04', '2024-05-13 01:24:57', 1),
	(785, 144, 15, '2024-04-22 04:36:04', '2024-05-13 01:24:57', 1),
	(786, 143, 155, '2024-04-22 04:36:04', '2024-05-13 01:24:58', 1),
	(787, 141, 22, '2024-04-22 04:36:04', '2024-05-13 01:24:58', 1),
	(788, 142, 5.72, '2024-04-22 04:36:14', '2024-05-13 01:24:58', 1),
	(789, 144, 14, '2024-04-22 04:36:14', '2024-05-13 01:24:58', 1),
	(790, 143, 155, '2024-04-22 04:36:14', '2024-05-13 01:24:58', 1),
	(791, 141, 22, '2024-04-22 04:36:14', '2024-05-13 01:24:58', 1),
	(792, 142, 5.82, '2024-04-22 04:36:24', '2024-05-13 01:24:58', 1),
	(793, 144, 16, '2024-04-22 04:36:24', '2024-05-13 01:24:58', 1),
	(794, 143, 154, '2024-04-22 04:36:24', '2024-05-13 01:24:58', 1),
	(795, 141, 22, '2024-04-22 04:36:24', '2024-05-13 01:24:59', 1),
	(796, 142, 6.05, '2024-04-22 04:36:34', '2024-05-13 01:24:59', 1),
	(797, 144, 20, '2024-04-22 04:36:34', '2024-05-13 01:24:59', 1),
	(798, 143, 154, '2024-04-22 04:36:34', '2024-05-13 01:24:59', 1),
	(799, 141, 22, '2024-04-22 04:36:34', '2024-05-13 01:24:59', 1),
	(800, 142, 5.89, '2024-04-22 04:36:44', '2024-05-13 01:24:59', 1),
	(801, 144, 15, '2024-04-22 04:36:44', '2024-05-13 01:24:59', 1),
	(802, 143, 154, '2024-04-22 04:36:44', '2024-05-13 01:24:59', 1),
	(803, 141, 22, '2024-04-22 04:36:44', '2024-05-13 01:24:59', 1),
	(804, 142, 6.08, '2024-04-22 04:36:54', '2024-05-13 01:25:00', 1),
	(805, 144, 20, '2024-04-22 04:36:54', '2024-05-13 01:25:00', 1),
	(806, 143, 154, '2024-04-22 04:36:54', '2024-05-13 01:25:00', 1),
	(807, 141, 22, '2024-04-22 04:36:54', '2024-05-13 01:25:00', 1),
	(808, 142, 5.88, '2024-04-22 04:37:04', '2024-05-13 01:25:00', 1),
	(809, 144, 20, '2024-04-22 04:37:04', '2024-05-13 01:25:00', 1),
	(810, 143, 153, '2024-04-22 04:37:04', '2024-05-13 01:25:00', 1),
	(811, 141, 22, '2024-04-22 04:37:04', '2024-05-13 01:25:01', 1),
	(812, 142, 5.94, '2024-04-22 04:37:14', '2024-05-13 01:25:01', 1),
	(813, 144, 20, '2024-04-22 04:37:14', '2024-05-13 01:25:01', 1),
	(814, 143, 153, '2024-04-22 04:37:14', '2024-05-13 01:25:01', 1),
	(815, 141, 22, '2024-04-22 04:37:14', '2024-05-13 01:25:01', 1),
	(816, 142, 5.92, '2024-04-22 04:37:24', '2024-05-13 01:25:01', 1),
	(817, 144, 20, '2024-04-22 04:37:24', '2024-05-13 01:25:01', 1),
	(818, 143, 153, '2024-04-22 04:37:24', '2024-05-13 01:25:01', 1),
	(819, 141, 22, '2024-04-22 04:37:24', '2024-05-13 01:25:02', 1),
	(820, 142, 6.06, '2024-04-22 04:37:34', '2024-05-13 01:25:02', 1),
	(821, 144, 17, '2024-04-22 04:37:34', '2024-05-13 01:25:02', 1),
	(822, 143, 153, '2024-04-22 04:37:34', '2024-05-13 01:25:02', 1),
	(823, 141, 22, '2024-04-22 04:37:34', '2024-05-13 01:25:02', 1),
	(824, 142, 6, '2024-04-22 04:37:44', '2024-05-13 01:25:02', 1),
	(825, 144, 19, '2024-04-22 04:37:44', '2024-05-13 01:25:03', 1),
	(826, 143, 153, '2024-04-22 04:37:44', '2024-05-13 01:25:03', 1),
	(827, 141, 22, '2024-04-22 04:37:44', '2024-05-13 01:25:03', 1),
	(828, 142, 5.9, '2024-04-22 04:37:54', '2024-05-13 01:25:03', 1),
	(829, 144, 20, '2024-04-22 04:37:54', '2024-05-13 01:25:03', 1),
	(830, 143, 153, '2024-04-22 04:37:54', '2024-05-13 01:25:04', 1),
	(831, 141, 21, '2024-04-22 04:37:54', '2024-05-13 01:25:05', 1),
	(832, 142, 6.12, '2024-04-22 04:38:04', '2024-05-13 01:25:05', 1),
	(833, 144, 20, '2024-04-22 04:38:04', '2024-05-13 01:25:05', 1),
	(834, 143, 153, '2024-04-22 04:38:04', '2024-05-13 01:25:05', 1),
	(835, 141, 22, '2024-04-22 04:38:04', '2024-05-13 01:25:05', 1),
	(836, 142, 5.91, '2024-04-22 04:38:14', '2024-05-13 01:25:06', 1),
	(837, 144, 20, '2024-04-22 04:38:14', '2024-05-13 01:25:06', 1),
	(838, 143, 153, '2024-04-22 04:38:14', '2024-05-13 01:25:06', 1),
	(839, 141, 22, '2024-04-22 04:38:14', '2024-05-13 01:25:06', 1),
	(840, 142, 6.08, '2024-04-22 04:38:25', '2024-05-13 01:25:06', 1),
	(841, 144, 20, '2024-04-22 04:38:25', '2024-05-13 01:25:07', 1),
	(842, 143, 153, '2024-04-22 04:38:25', '2024-05-13 01:25:07', 1),
	(843, 141, 21, '2024-04-22 04:38:25', '2024-05-13 01:25:07', 1),
	(844, 142, 6.12, '2024-04-22 04:38:35', '2024-05-13 01:25:08', 1),
	(845, 144, 20, '2024-04-22 04:38:35', '2024-05-13 01:25:08', 1),
	(846, 143, 153, '2024-04-22 04:38:35', '2024-05-13 01:25:08', 1),
	(847, 141, 21, '2024-04-22 04:38:35', '2024-05-13 01:25:08', 1),
	(848, 142, 6.06, '2024-04-22 04:38:45', '2024-05-13 01:25:08', 1),
	(849, 144, 20, '2024-04-22 04:38:45', '2024-05-13 01:25:08', 1),
	(850, 143, 153, '2024-04-22 04:38:45', '2024-05-13 01:25:09', 1),
	(851, 141, 21, '2024-04-22 04:38:45', '2024-05-13 01:25:09', 1),
	(852, 142, 6.07, '2024-04-22 04:38:55', '2024-05-13 01:25:09', 1),
	(853, 144, 15, '2024-04-22 04:38:55', '2024-05-13 01:25:09', 1),
	(854, 143, 152, '2024-04-22 04:38:55', '2024-05-13 01:25:10', 1),
	(855, 141, 21, '2024-04-22 04:38:55', '2024-05-13 01:25:10', 1),
	(856, 142, 6.08, '2024-04-22 04:39:05', '2024-05-13 01:25:10', 1),
	(857, 144, 20, '2024-04-22 04:39:05', '2024-05-13 01:25:10', 1),
	(858, 143, 152, '2024-04-22 04:39:05', '2024-05-13 01:25:10', 1),
	(859, 141, 21, '2024-04-22 04:39:05', '2024-05-13 01:25:10', 1),
	(860, 142, 6.04, '2024-04-22 04:39:15', '2024-05-13 01:25:10', 1),
	(861, 144, 15, '2024-04-22 04:39:15', '2024-05-13 01:25:11', 1),
	(862, 143, 152, '2024-04-22 04:39:15', '2024-05-13 01:25:11', 1),
	(863, 141, 21, '2024-04-22 04:39:15', '2024-05-13 01:25:11', 1),
	(864, 142, 6.08, '2024-04-22 04:39:25', '2024-05-13 01:25:11', 1),
	(865, 144, 18, '2024-04-22 04:39:25', '2024-05-13 01:25:11', 1),
	(866, 143, 152, '2024-04-22 04:39:25', '2024-05-13 01:25:11', 1),
	(867, 141, 21, '2024-04-22 04:39:25', '2024-05-13 01:25:11', 1),
	(868, 142, 5.94, '2024-04-22 04:39:35', '2024-05-13 01:25:11', 1),
	(869, 144, 19, '2024-04-22 04:39:35', '2024-05-13 01:25:11', 1),
	(870, 143, 152, '2024-04-22 04:39:35', '2024-05-13 01:25:12', 1),
	(871, 141, 21, '2024-04-22 04:39:35', '2024-05-13 01:25:12', 1),
	(872, 142, 5.81, '2024-04-22 04:39:45', '2024-05-13 01:25:12', 1),
	(873, 144, 20, '2024-04-22 04:39:45', '2024-05-13 01:25:12', 1),
	(874, 143, 153, '2024-04-22 04:39:45', '2024-05-13 01:25:12', 1),
	(875, 141, 21, '2024-04-22 04:39:45', '2024-05-13 01:25:12', 1),
	(876, 142, 6.01, '2024-04-22 04:39:55', '2024-05-13 01:25:12', 1),
	(877, 144, 15, '2024-04-22 04:39:55', '2024-05-13 01:25:13', 1),
	(878, 143, 153, '2024-04-22 04:39:55', '2024-05-13 01:25:13', 1),
	(879, 141, 21, '2024-04-22 04:39:55', '2024-05-13 01:25:13', 1),
	(880, 142, 5.49, '2024-04-22 04:40:05', '2024-05-13 01:25:13', 1),
	(881, 144, 21, '2024-04-22 04:40:05', '2024-05-13 01:25:13', 1),
	(882, 143, 154, '2024-04-22 04:40:05', '2024-05-13 01:25:13', 1),
	(883, 141, 21, '2024-04-22 04:40:05', '2024-05-13 01:25:13', 1),
	(884, 142, 5.71, '2024-04-22 04:40:15', '2024-05-13 01:25:13', 1),
	(885, 144, 17, '2024-04-22 04:40:15', '2024-05-13 01:25:14', 1),
	(886, 143, 154, '2024-04-22 04:40:15', '2024-05-13 01:25:14', 1),
	(887, 141, 21, '2024-04-22 04:40:15', '2024-05-13 01:25:14', 1),
	(888, 142, 6.01, '2024-04-22 04:40:25', '2024-05-13 01:25:14', 1),
	(889, 144, 19, '2024-04-22 04:40:25', '2024-05-13 01:25:14', 1),
	(890, 143, 153, '2024-04-22 04:40:25', '2024-05-13 01:25:14', 1),
	(891, 141, 21, '2024-04-22 04:40:25', '2024-05-13 01:25:14', 1),
	(892, 142, 5.9, '2024-04-22 04:40:35', '2024-05-13 01:25:14', 1),
	(893, 144, 14, '2024-04-22 04:40:35', '2024-05-13 01:25:15', 1),
	(894, 143, 154, '2024-04-22 04:40:35', '2024-05-13 01:25:15', 1),
	(895, 141, 21, '2024-04-22 04:40:35', '2024-05-13 01:25:15', 1),
	(896, 142, 5.86, '2024-04-22 04:40:46', '2024-05-13 01:25:15', 1),
	(897, 144, 20, '2024-04-22 04:40:46', '2024-05-13 01:25:15', 1),
	(898, 143, 154, '2024-04-22 04:40:46', '2024-05-13 01:25:15', 1),
	(899, 141, 21, '2024-04-22 04:40:46', '2024-05-13 01:25:15', 1),
	(900, 142, 5.84, '2024-04-22 04:40:56', '2024-05-13 01:25:15', 1),
	(901, 144, 20, '2024-04-22 04:40:56', '2024-05-13 01:25:15', 1),
	(902, 143, 153, '2024-04-22 04:40:56', '2024-05-13 01:25:15', 1),
	(903, 141, 21, '2024-04-22 04:40:56', '2024-05-13 01:25:16', 1),
	(904, 142, 5.83, '2024-04-22 04:41:06', '2024-05-13 01:25:16', 1),
	(905, 144, 17, '2024-04-22 04:41:06', '2024-05-13 01:25:16', 1),
	(906, 143, 153, '2024-04-22 04:41:06', '2024-05-13 01:25:16', 1),
	(907, 141, 21, '2024-04-22 04:41:06', '2024-05-13 01:25:16', 1),
	(908, 142, 6, '2024-04-22 04:41:16', '2024-05-13 01:25:16', 1),
	(909, 144, 20, '2024-04-22 04:41:16', '2024-05-13 01:25:16', 1),
	(910, 143, 153, '2024-04-22 04:41:16', '2024-05-13 01:25:16', 1),
	(911, 141, 21, '2024-04-22 04:41:16', '2024-05-13 01:25:16', 1),
	(912, 142, 5.88, '2024-04-22 04:41:26', '2024-05-13 01:25:17', 1),
	(913, 144, 19, '2024-04-22 04:41:26', '2024-05-13 01:25:17', 1),
	(914, 143, 153, '2024-04-22 04:41:26', '2024-05-13 01:25:17', 1),
	(915, 141, 21, '2024-04-22 04:41:26', '2024-05-13 01:25:17', 1),
	(916, 142, 5.58, '2024-04-22 04:41:36', '2024-05-13 01:25:17', 1),
	(917, 144, 17, '2024-04-22 04:41:36', '2024-05-13 01:25:17', 1),
	(918, 143, 154, '2024-04-22 04:41:36', '2024-05-13 01:25:17', 1),
	(919, 141, 21, '2024-04-22 04:41:36', '2024-05-13 01:25:17', 1),
	(920, 142, 5.33, '2024-04-22 04:41:46', '2024-05-13 01:25:17', 1),
	(921, 144, 19, '2024-04-22 04:41:46', '2024-05-13 01:25:18', 1),
	(922, 143, 155, '2024-04-22 04:41:46', '2024-05-13 01:25:18', 1),
	(923, 141, 21, '2024-04-22 04:41:46', '2024-05-13 01:25:18', 1),
	(924, 142, 5.88, '2024-04-22 04:41:56', '2024-05-13 01:25:18', 1),
	(925, 144, 20, '2024-04-22 04:41:56', '2024-05-13 01:25:18', 1),
	(926, 143, 154, '2024-04-22 04:41:56', '2024-05-13 01:25:18', 1),
	(927, 141, 21, '2024-04-22 04:41:56', '2024-05-13 01:25:18', 1),
	(928, 142, 5.88, '2024-04-22 04:42:06', '2024-05-13 01:25:18', 1),
	(929, 144, 19, '2024-04-22 04:42:06', '2024-05-13 01:25:18', 1),
	(930, 143, 154, '2024-04-22 04:42:06', '2024-05-13 01:25:19', 1),
	(931, 141, 21, '2024-04-22 04:42:06', '2024-05-13 01:25:19', 1),
	(932, 142, 5.88, '2024-04-22 04:42:16', '2024-05-13 01:25:19', 1),
	(933, 144, 16, '2024-04-22 04:42:16', '2024-05-13 01:25:19', 1),
	(934, 143, 154, '2024-04-22 04:42:16', '2024-05-13 01:25:19', 1),
	(935, 141, 21, '2024-04-22 04:42:16', '2024-05-13 01:25:19', 1),
	(936, 142, 5.96, '2024-04-22 04:42:26', '2024-05-13 01:25:19', 1),
	(937, 144, 17, '2024-04-22 04:42:26', '2024-05-13 01:25:20', 1),
	(938, 143, 154, '2024-04-22 04:42:26', '2024-05-13 01:25:20', 1),
	(939, 141, 21, '2024-04-22 04:42:26', '2024-05-13 01:25:20', 1),
	(940, 142, 6, '2024-04-22 04:42:36', '2024-05-13 01:25:20', 1),
	(941, 144, 19, '2024-04-22 04:42:36', '2024-05-13 01:25:21', 1),
	(942, 143, 153, '2024-04-22 04:42:36', '2024-05-13 01:25:21', 1),
	(943, 141, 21, '2024-04-22 04:42:36', '2024-05-13 01:25:21', 1),
	(944, 142, 5.87, '2024-04-22 04:42:46', '2024-05-13 01:25:21', 1),
	(945, 144, 20, '2024-04-22 04:42:46', '2024-05-13 01:25:22', 1),
	(946, 143, 153, '2024-04-22 04:42:46', '2024-05-13 01:25:22', 1),
	(947, 141, 21, '2024-04-22 04:42:46', '2024-05-13 01:25:22', 1),
	(948, 142, 5.88, '2024-04-22 04:42:56', '2024-05-13 01:25:22', 1),
	(949, 144, 20, '2024-04-22 04:42:56', '2024-05-13 01:25:22', 1),
	(950, 143, 153, '2024-04-22 04:42:56', '2024-05-13 01:25:22', 1),
	(951, 141, 21, '2024-04-22 04:42:56', '2024-05-13 01:25:22', 1),
	(952, 142, 5.91, '2024-04-22 04:43:07', '2024-05-13 01:25:22', 1),
	(953, 144, 20, '2024-04-22 04:43:07', '2024-05-13 01:25:22', 1),
	(954, 143, 152, '2024-04-22 04:43:07', '2024-05-13 01:25:23', 1),
	(955, 141, 21, '2024-04-22 04:43:07', '2024-05-13 01:25:23', 1),
	(956, 142, 5.89, '2024-04-22 04:43:17', '2024-05-13 01:25:23', 1),
	(957, 144, 15, '2024-04-22 04:43:17', '2024-05-13 01:25:23', 1),
	(958, 143, 152, '2024-04-22 04:43:17', '2024-05-13 01:25:23', 1),
	(959, 141, 21, '2024-04-22 04:43:17', '2024-05-13 01:25:23', 1),
	(960, 142, 5.91, '2024-04-22 04:43:27', '2024-05-13 01:25:23', 1),
	(961, 144, 20, '2024-04-22 04:43:27', '2024-05-13 01:25:23', 1),
	(962, 143, 152, '2024-04-22 04:43:27', '2024-05-13 01:25:24', 1),
	(963, 141, 21, '2024-04-22 04:43:27', '2024-05-13 01:25:24', 1),
	(964, 142, 6.1, '2024-04-22 04:43:37', '2024-05-13 01:25:24', 1),
	(965, 144, 15, '2024-04-22 04:43:37', '2024-05-13 01:25:24', 1),
	(966, 143, 152, '2024-04-22 04:43:37', '2024-05-13 01:25:24', 1),
	(967, 141, 21, '2024-04-22 04:43:37', '2024-05-13 01:25:25', 1),
	(968, 142, 6.07, '2024-04-22 04:43:47', '2024-05-13 01:25:25', 1),
	(969, 144, 20, '2024-04-22 04:43:47', '2024-05-13 01:25:25', 1),
	(970, 143, 152, '2024-04-22 04:43:47', '2024-05-13 01:25:25', 1),
	(971, 141, 21, '2024-04-22 04:43:47', '2024-05-13 01:25:26', 1),
	(972, 142, 5.88, '2024-04-22 04:43:57', '2024-05-13 01:25:26', 1),
	(973, 144, 15, '2024-04-22 04:43:57', '2024-05-13 01:25:26', 1),
	(974, 143, 152, '2024-04-22 04:43:57', '2024-05-13 01:25:26', 1),
	(975, 141, 21, '2024-04-22 04:43:57', '2024-05-13 01:25:26', 1),
	(976, 142, 5.88, '2024-04-22 04:44:07', '2024-05-13 01:25:26', 1),
	(977, 144, 20, '2024-04-22 04:44:07', '2024-05-13 01:25:26', 1),
	(978, 143, 152, '2024-04-22 04:44:07', '2024-05-13 01:25:27', 1),
	(979, 141, 21, '2024-04-22 04:44:07', '2024-05-13 01:25:27', 1),
	(980, 142, 6.04, '2024-04-22 04:44:17', '2024-05-13 01:25:28', 1),
	(981, 144, 15, '2024-04-22 04:44:17', '2024-05-13 01:25:28', 1),
	(982, 143, 152, '2024-04-22 04:44:17', '2024-05-13 01:25:28', 1),
	(983, 141, 21, '2024-04-22 04:44:17', '2024-05-13 01:25:28', 1),
	(984, 142, 5.78, '2024-04-22 04:44:27', '2024-05-13 01:25:29', 1),
	(985, 144, 20, '2024-04-22 04:44:27', '2024-05-13 01:25:29', 1),
	(986, 143, 153, '2024-04-22 04:44:27', '2024-05-13 01:25:29', 1),
	(987, 141, 21, '2024-04-22 04:44:27', '2024-05-13 01:25:30', 1),
	(988, 142, 5.86, '2024-04-22 04:44:37', '2024-05-13 01:25:30', 1),
	(989, 144, 19, '2024-04-22 04:44:37', '2024-05-13 01:25:30', 1),
	(990, 143, 154, '2024-04-22 04:44:37', '2024-05-13 01:25:30', 1),
	(991, 141, 21, '2024-04-22 04:44:37', '2024-05-13 01:25:30', 1),
	(992, 142, 5.81, '2024-04-22 04:44:47', '2024-05-13 01:25:31', 1),
	(993, 144, 20, '2024-04-22 04:44:47', '2024-05-13 01:25:31', 1),
	(994, 143, 154, '2024-04-22 04:44:47', '2024-05-13 01:25:31', 1),
	(995, 141, 21, '2024-04-22 04:44:47', '2024-05-13 01:25:31', 1),
	(996, 142, 6.01, '2024-04-22 04:44:57', '2024-05-13 01:25:32', 1),
	(997, 144, 16, '2024-04-22 04:44:57', '2024-05-13 01:25:32', 1),
	(998, 143, 153, '2024-04-22 04:44:57', '2024-05-13 01:25:32', 1),
	(999, 141, 21, '2024-04-22 04:44:57', '2024-05-13 01:25:32', 1),
	(1000, 142, 6.06, '2024-04-22 04:45:07', '2024-05-13 01:25:33', 1),
	(1001, 144, 16, '2024-04-22 04:45:07', '2024-05-13 01:25:33', 1),
	(1002, 143, 152, '2024-04-22 04:45:07', '2024-05-13 01:25:33', 1),
	(1003, 141, 21, '2024-04-22 04:45:07', '2024-05-13 01:25:33', 1),
	(1004, 142, 5.86, '2024-04-22 04:45:17', '2024-05-13 01:25:33', 1),
	(1005, 144, 16, '2024-04-22 04:45:17', '2024-05-13 01:25:34', 1),
	(1006, 143, 152, '2024-04-22 04:45:17', '2024-05-13 01:25:34', 1),
	(1007, 141, 21, '2024-04-22 04:45:17', '2024-05-13 01:25:34', 1),
	(1008, 142, 5.94, '2024-04-22 04:45:28', '2024-05-13 01:25:34', 1),
	(1009, 144, 16, '2024-04-22 04:45:28', '2024-05-13 01:25:35', 1),
	(1010, 143, 151, '2024-04-22 04:45:28', '2024-05-13 01:25:35', 1),
	(1011, 141, 21, '2024-04-22 04:45:28', '2024-05-13 01:25:35', 1),
	(1012, 142, 6.04, '2024-04-22 04:45:38', '2024-05-13 01:25:35', 1),
	(1013, 144, 17, '2024-04-22 04:45:38', '2024-05-13 01:25:36', 1),
	(1014, 143, 152, '2024-04-22 04:45:38', '2024-05-13 01:25:36', 1),
	(1015, 141, 21, '2024-04-22 04:45:38', '2024-05-13 01:25:36', 1),
	(1016, 142, 5.59, '2024-04-22 04:45:48', '2024-05-13 01:25:37', 1),
	(1017, 144, 20, '2024-04-22 04:45:48', '2024-05-13 01:25:37', 1),
	(1018, 143, 153, '2024-04-22 04:45:48', '2024-05-13 01:25:38', 1),
	(1019, 141, 21, '2024-04-22 04:45:48', '2024-05-13 01:25:38', 1),
	(1020, 142, 4.64, '2024-04-22 04:45:58', '2024-05-13 01:25:38', 1),
	(1021, 144, 14, '2024-04-22 04:45:58', '2024-05-13 01:25:38', 1),
	(1022, 143, 169, '2024-04-22 04:45:58', '2024-05-13 01:25:38', 1),
	(1023, 141, 21, '2024-04-22 04:45:58', '2024-05-13 01:25:39', 1),
	(1024, 142, 4.71, '2024-04-22 04:46:08', '2024-05-13 01:25:39', 1),
	(1025, 144, 13, '2024-04-22 04:46:08', '2024-05-13 01:25:39', 1),
	(1026, 143, 183, '2024-04-22 04:46:08', '2024-05-13 01:25:39', 1),
	(1027, 141, 21, '2024-04-22 04:46:08', '2024-05-13 01:25:39', 1),
	(1028, 142, 5.14, '2024-04-22 04:46:18', '2024-05-13 01:25:40', 1),
	(1029, 144, 15, '2024-04-22 04:46:18', '2024-05-13 01:25:40', 1),
	(1030, 143, 176, '2024-04-22 04:46:18', '2024-05-13 01:25:40', 1),
	(1031, 141, 21, '2024-04-22 04:46:18', '2024-05-13 01:25:40', 1),
	(1032, 142, 5.49, '2024-04-22 04:46:28', '2024-05-13 01:25:40', 1),
	(1033, 144, 21, '2024-04-22 04:46:28', '2024-05-13 01:25:41', 1),
	(1034, 143, 174, '2024-04-22 04:46:28', '2024-05-13 01:25:41', 1),
	(1035, 141, 21, '2024-04-22 04:46:28', '2024-05-13 01:25:41', 1),
	(1036, 142, 5.47, '2024-04-22 04:46:38', '2024-05-13 01:25:41', 1),
	(1037, 144, 16, '2024-04-22 04:46:38', '2024-05-13 01:25:42', 1),
	(1038, 143, 174, '2024-04-22 04:46:38', '2024-05-13 01:25:42', 1),
	(1039, 141, 21, '2024-04-22 04:46:38', '2024-05-13 01:25:42', 1),
	(1040, 142, 5.81, '2024-04-22 04:46:48', '2024-05-13 01:25:42', 1),
	(1041, 144, 19, '2024-04-22 04:46:48', '2024-05-13 01:25:42', 1),
	(1042, 143, 173, '2024-04-22 04:46:48', '2024-05-13 01:25:43', 1),
	(1043, 141, 21, '2024-04-22 04:46:48', '2024-05-13 01:25:43', 1),
	(1044, 142, 5.6, '2024-04-22 04:46:58', '2024-05-13 01:25:43', 1),
	(1045, 144, 20, '2024-04-22 04:46:58', '2024-05-13 01:25:43', 1),
	(1046, 143, 173, '2024-04-22 04:46:58', '2024-05-13 01:25:43', 1),
	(1047, 141, 21, '2024-04-22 04:46:58', '2024-05-13 01:25:44', 1),
	(1048, 142, 5.41, '2024-04-22 04:47:08', '2024-05-13 01:25:44', 1),
	(1049, 144, 8, '2024-04-22 04:47:08', '2024-05-13 01:25:44', 1),
	(1050, 143, 171, '2024-04-22 04:47:08', '2024-05-13 01:25:44', 1),
	(1051, 141, 21, '2024-04-22 04:47:08', '2024-05-13 01:25:45', 1),
	(1052, 142, 4.74, '2024-04-22 04:47:18', '2024-05-13 01:25:45', 1),
	(1053, 144, 9, '2024-04-22 04:47:18', '2024-05-13 01:25:45', 1),
	(1054, 143, 179, '2024-04-22 04:47:18', '2024-05-13 01:25:45', 1),
	(1055, 141, 21, '2024-04-22 04:47:18', '2024-05-13 01:25:45', 1),
	(1056, 142, 4.94, '2024-04-22 04:47:28', '2024-05-13 01:25:46', 1),
	(1057, 144, 18, '2024-04-22 04:47:28', '2024-05-13 01:25:46', 1),
	(1058, 143, 187, '2024-04-22 04:47:28', '2024-05-13 01:25:46', 1),
	(1059, 141, 21, '2024-04-22 04:47:28', '2024-05-13 01:25:46', 1),
	(1060, 142, 5.21, '2024-04-22 04:47:38', '2024-05-13 01:25:46', 1),
	(1061, 144, 13, '2024-04-22 04:47:38', '2024-05-13 01:25:46', 1),
	(1062, 143, 178, '2024-04-22 04:47:38', '2024-05-13 01:25:46', 1),
	(1063, 141, 21, '2024-04-22 04:47:38', '2024-05-13 01:25:46', 1),
	(1064, 142, 4.76, '2024-04-22 04:47:49', '2024-05-13 01:25:47', 1),
	(1065, 144, 11, '2024-04-22 04:47:49', '2024-05-13 01:25:47', 1),
	(1066, 143, 178, '2024-04-22 04:47:49', '2024-05-13 01:25:47', 1),
	(1067, 141, 21, '2024-04-22 04:47:49', '2024-05-13 01:25:47', 1),
	(1068, 142, 4.9, '2024-04-22 04:47:59', '2024-05-13 01:25:47', 1),
	(1069, 144, 7, '2024-04-22 04:47:59', '2024-05-13 01:25:47', 1),
	(1070, 143, 178, '2024-04-22 04:47:59', '2024-05-13 01:25:47', 1),
	(1071, 141, 20, '2024-04-22 04:47:59', '2024-05-13 01:25:47', 1),
	(1072, 142, 4.96, '2024-04-22 04:48:09', '2024-05-13 01:25:48', 1),
	(1073, 144, 19, '2024-04-22 04:48:09', '2024-05-13 01:25:48', 1),
	(1074, 143, 178, '2024-04-22 04:48:09', '2024-05-13 01:25:48', 1),
	(1075, 141, 20, '2024-04-22 04:48:09', '2024-05-13 01:25:48', 1),
	(1076, 142, 5.34, '2024-04-22 04:48:19', '2024-05-13 01:25:48', 1),
	(1077, 144, 16, '2024-04-22 04:48:19', '2024-05-13 01:25:48', 1),
	(1078, 143, 182, '2024-04-22 04:48:19', '2024-05-13 01:25:48', 1),
	(1079, 141, 21, '2024-04-22 04:48:19', '2024-05-13 01:25:48', 1),
	(1080, 142, 5.22, '2024-04-22 04:48:29', '2024-05-13 01:25:48', 1),
	(1081, 144, 19, '2024-04-22 04:48:29', '2024-05-13 01:25:49', 1),
	(1082, 143, 187, '2024-04-22 04:48:29', '2024-05-13 01:25:49', 1),
	(1083, 141, 21, '2024-04-22 04:48:29', '2024-05-13 01:25:49', 1),
	(1084, 142, 5.41, '2024-04-22 04:48:39', '2024-05-13 01:25:49', 1),
	(1085, 144, 15, '2024-04-22 04:48:39', '2024-05-13 01:25:50', 1),
	(1086, 143, 186, '2024-04-22 04:48:39', '2024-05-13 01:25:50', 1),
	(1087, 141, 21, '2024-04-22 04:48:39', '2024-05-13 01:25:50', 1),
	(1088, 142, 5.51, '2024-04-22 04:48:49', '2024-05-13 01:25:50', 1),
	(1089, 144, 20, '2024-04-22 04:48:49', '2024-05-13 01:25:50', 1),
	(1090, 143, 185, '2024-04-22 04:48:49', '2024-05-13 01:25:50', 1),
	(1091, 141, 20, '2024-04-22 04:48:49', '2024-05-13 01:25:50', 1),
	(1092, 142, 5.3, '2024-04-22 04:48:59', '2024-05-13 01:25:50', 1),
	(1093, 144, 20, '2024-04-22 04:48:59', '2024-05-13 01:25:50', 1),
	(1094, 143, 185, '2024-04-22 04:48:59', '2024-05-13 01:25:51', 1),
	(1095, 141, 20, '2024-04-22 04:48:59', '2024-05-13 01:25:51', 1),
	(1096, 142, 5.65, '2024-04-22 04:49:09', '2024-05-13 01:25:51', 1),
	(1097, 144, 20, '2024-04-22 04:49:09', '2024-05-13 01:25:51', 1),
	(1098, 143, 184, '2024-04-22 04:49:09', '2024-05-13 01:25:51', 1),
	(1099, 141, 20, '2024-04-22 04:49:09', '2024-05-13 01:25:51', 1),
	(1100, 142, 5.92, '2024-04-22 04:49:19', '2024-05-13 01:25:51', 1),
	(1101, 144, 19, '2024-04-22 04:49:19', '2024-05-13 01:25:51', 1),
	(1102, 143, 184, '2024-04-22 04:49:19', '2024-05-13 01:25:52', 1),
	(1103, 141, 20, '2024-04-22 04:49:19', '2024-05-13 01:25:52', 1),
	(1104, 142, 5.75, '2024-04-22 04:49:29', '2024-05-13 01:25:52', 1),
	(1105, 144, 19, '2024-04-22 04:49:29', '2024-05-13 01:25:52', 1),
	(1106, 143, 184, '2024-04-22 04:49:29', '2024-05-13 01:25:52', 1),
	(1107, 141, 20, '2024-04-22 04:49:29', '2024-05-13 01:25:52', 1),
	(1108, 142, 5.82, '2024-04-22 04:49:39', '2024-05-13 01:25:52', 1),
	(1109, 144, 20, '2024-04-22 04:49:39', '2024-05-13 01:25:52', 1),
	(1110, 143, 184, '2024-04-22 04:49:39', '2024-05-13 01:25:52', 1),
	(1111, 141, 20, '2024-04-22 04:49:39', '2024-05-13 01:25:53', 1),
	(1112, 142, 5.7, '2024-04-22 04:49:49', '2024-05-13 01:25:53', 1),
	(1113, 144, 21, '2024-04-22 04:49:49', '2024-05-13 01:25:53', 1),
	(1114, 143, 183, '2024-04-22 04:49:49', '2024-05-13 01:25:53', 1),
	(1115, 141, 20, '2024-04-22 04:49:49', '2024-05-13 01:25:53', 1),
	(1116, 142, 5.66, '2024-04-22 04:49:59', '2024-05-13 01:25:53', 1),
	(1117, 144, 15, '2024-04-22 04:49:59', '2024-05-13 01:25:53', 1),
	(1118, 143, 183, '2024-04-22 04:49:59', '2024-05-13 01:25:54', 1),
	(1119, 141, 20, '2024-04-22 04:49:59', '2024-05-13 01:25:54', 1),
	(1120, 142, 5.3, '2024-04-22 04:50:09', '2024-05-13 01:25:54', 1),
	(1121, 144, 15, '2024-04-22 04:50:09', '2024-05-13 01:25:54', 1),
	(1122, 143, 185, '2024-04-22 04:50:09', '2024-05-13 01:25:54', 1),
	(1123, 141, 20, '2024-04-22 04:50:09', '2024-05-13 01:25:54', 1),
	(1124, 142, 5.53, '2024-04-22 04:50:20', '2024-05-13 01:25:54', 1),
	(1125, 144, 18, '2024-04-22 04:50:20', '2024-05-13 01:25:55', 1),
	(1126, 143, 184, '2024-04-22 04:50:20', '2024-05-13 01:25:55', 1),
	(1127, 141, 20, '2024-04-22 04:50:20', '2024-05-13 01:25:55', 1),
	(1128, 142, 5.77, '2024-04-22 04:50:30', '2024-05-13 01:25:55', 1),
	(1129, 144, 16, '2024-04-22 04:50:30', '2024-05-13 01:25:55', 1),
	(1130, 143, 183, '2024-04-22 04:50:30', '2024-05-13 01:25:55', 1),
	(1131, 141, 20, '2024-04-22 04:50:30', '2024-05-13 01:25:55', 1),
	(1132, 142, 5.4, '2024-04-22 04:50:40', '2024-05-13 01:25:55', 1),
	(1133, 144, 19, '2024-04-22 04:50:40', '2024-05-13 01:25:56', 1),
	(1134, 143, 184, '2024-04-22 04:50:40', '2024-05-13 01:25:56', 1),
	(1135, 141, 20, '2024-04-22 04:50:40', '2024-05-13 01:25:56', 1),
	(1136, 142, 5.35, '2024-04-22 04:50:50', '2024-05-13 01:25:56', 1),
	(1137, 144, 16, '2024-04-22 04:50:50', '2024-05-13 01:25:56', 1),
	(1138, 143, 182, '2024-04-22 04:50:50', '2024-05-13 01:25:56', 1),
	(1139, 141, 20, '2024-04-22 04:50:50', '2024-05-13 01:25:56', 1),
	(1140, 142, 5.35, '2024-04-22 04:51:00', '2024-05-13 01:25:56', 1),
	(1141, 144, 18, '2024-04-22 04:51:00', '2024-05-13 01:25:56', 1),
	(1142, 143, 182, '2024-04-22 04:51:00', '2024-05-13 01:25:57', 1),
	(1143, 141, 20, '2024-04-22 04:51:00', '2024-05-13 01:25:57', 1),
	(1144, 142, 5.73, '2024-04-22 04:51:10', '2024-05-13 01:25:57', 1),
	(1145, 144, 18, '2024-04-22 04:51:10', '2024-05-13 01:25:57', 1),
	(1146, 143, 181, '2024-04-22 04:51:10', '2024-05-13 01:25:57', 1),
	(1147, 141, 21, '2024-04-22 04:51:10', '2024-05-13 01:25:57', 1),
	(1148, 142, 5.59, '2024-04-22 04:51:20', '2024-05-13 01:25:57', 1),
	(1149, 144, 20, '2024-04-22 04:51:20', '2024-05-13 01:25:57', 1),
	(1150, 143, 182, '2024-04-22 04:51:20', '2024-05-13 01:25:58', 1),
	(1151, 141, 21, '2024-04-22 04:51:20', '2024-05-13 01:25:58', 1),
	(1152, 142, 5.65, '2024-04-22 04:51:30', '2024-05-13 01:25:58', 1),
	(1153, 144, 21, '2024-04-22 04:51:30', '2024-05-13 01:25:58', 1),
	(1154, 143, 181, '2024-04-22 04:51:30', '2024-05-13 01:25:58', 1),
	(1155, 141, 21, '2024-04-22 04:51:30', '2024-05-13 01:25:58', 1),
	(1156, 142, 5.39, '2024-04-22 04:51:40', '2024-05-13 01:25:58', 1),
	(1157, 144, 20, '2024-04-22 04:51:40', '2024-05-13 01:25:58', 1),
	(1158, 143, 182, '2024-04-22 04:51:40', '2024-05-13 01:25:58', 1),
	(1159, 141, 21, '2024-04-22 04:51:40', '2024-05-13 01:25:58', 1),
	(1160, 142, 5.5, '2024-04-22 04:51:50', '2024-05-13 01:25:59', 1),
	(1161, 144, 21, '2024-04-22 04:51:50', '2024-05-13 01:25:59', 1),
	(1162, 143, 182, '2024-04-22 04:51:50', '2024-05-13 01:25:59', 1),
	(1163, 141, 21, '2024-04-22 04:51:50', '2024-05-13 01:25:59', 1),
	(1164, 142, 5.74, '2024-04-22 04:52:00', '2024-05-13 01:25:59', 1),
	(1165, 144, 15, '2024-04-22 04:52:00', '2024-05-13 01:25:59', 1),
	(1166, 143, 181, '2024-04-22 04:52:00', '2024-05-13 01:25:59', 1),
	(1167, 141, 22, '2024-04-22 04:52:00', '2024-05-13 01:26:00', 1),
	(1168, 142, 5.51, '2024-04-22 04:52:10', '2024-05-13 01:26:00', 1),
	(1169, 144, 19, '2024-04-22 04:52:10', '2024-05-13 01:26:00', 1),
	(1170, 143, 181, '2024-04-22 04:52:10', '2024-05-13 01:26:00', 1),
	(1171, 141, 22, '2024-04-22 04:52:10', '2024-05-13 01:26:00', 1),
	(1172, 142, 5.34, '2024-04-22 04:52:20', '2024-05-13 01:26:01', 1),
	(1173, 144, 16, '2024-04-22 04:52:20', '2024-05-13 01:26:01', 1),
	(1174, 143, 182, '2024-04-22 04:52:20', '2024-05-13 01:26:01', 1),
	(1175, 141, 22, '2024-04-22 04:52:20', '2024-05-13 01:26:01', 1),
	(1176, 142, 5.23, '2024-04-22 04:52:30', '2024-05-13 01:26:01', 1),
	(1177, 144, 15, '2024-04-22 04:52:30', '2024-05-13 01:26:01', 1),
	(1178, 143, 182, '2024-04-22 04:52:30', '2024-05-13 01:26:01', 1),
	(1179, 141, 22, '2024-04-22 04:52:30', '2024-05-13 01:26:01', 1),
	(1180, 142, 5.53, '2024-04-22 04:52:41', '2024-05-13 01:26:02', 1),
	(1181, 144, 16, '2024-04-22 04:52:41', '2024-05-13 01:26:02', 1),
	(1182, 143, 175, '2024-04-22 04:52:41', '2024-05-13 01:26:02', 1),
	(1183, 141, 22, '2024-04-22 04:52:41', '2024-05-13 01:26:02', 1),
	(1184, 142, 5.61, '2024-04-22 04:52:51', '2024-05-13 01:26:02', 1),
	(1185, 144, 16, '2024-04-22 04:52:51', '2024-05-13 01:26:02', 1),
	(1186, 143, 179, '2024-04-22 04:52:51', '2024-05-13 01:26:02', 1),
	(1187, 141, 22, '2024-04-22 04:52:51', '2024-05-13 01:26:02', 1),
	(1188, 142, 5.31, '2024-04-22 04:53:01', '2024-05-13 01:26:02', 1),
	(1189, 144, 16, '2024-04-22 04:53:01', '2024-05-13 01:26:03', 1),
	(1190, 143, 173, '2024-04-22 04:53:01', '2024-05-13 01:26:03', 1),
	(1191, 141, 23, '2024-04-22 04:53:01', '2024-05-13 01:26:03', 1),
	(1192, 142, 5.69, '2024-04-22 04:53:11', '2024-05-13 01:26:03', 1),
	(1193, 144, 21, '2024-04-22 04:53:11', '2024-05-13 01:26:03', 1),
	(1194, 143, 173, '2024-04-22 04:53:11', '2024-05-13 01:26:03', 1),
	(1195, 141, 23, '2024-04-22 04:53:11', '2024-05-13 01:26:03', 1),
	(1196, 142, 5.45, '2024-04-22 04:53:21', '2024-05-13 01:26:03', 1),
	(1197, 144, 16, '2024-04-22 04:53:21', '2024-05-13 01:26:03', 1),
	(1198, 143, 173, '2024-04-22 04:53:21', '2024-05-13 01:26:04', 1),
	(1199, 141, 23, '2024-04-22 04:53:21', '2024-05-13 01:26:04', 1),
	(1200, 142, 5.63, '2024-04-22 04:53:31', '2024-05-13 01:26:04', 1),
	(1201, 144, 15, '2024-04-22 04:53:31', '2024-05-13 01:26:04', 1),
	(1202, 143, 172, '2024-04-22 04:53:31', '2024-05-13 01:26:04', 1),
	(1203, 141, 23, '2024-04-22 04:53:31', '2024-05-13 01:26:04', 1),
	(1204, 142, 5.71, '2024-04-22 04:53:41', '2024-05-13 01:26:04', 1),
	(1205, 144, 21, '2024-04-22 04:53:41', '2024-05-13 01:26:04', 1),
	(1206, 143, 172, '2024-04-22 04:53:41', '2024-05-13 01:26:04', 1),
	(1207, 141, 23, '2024-04-22 04:53:41', '2024-05-13 01:26:04', 1),
	(1208, 142, 5.47, '2024-04-22 04:53:51', '2024-05-13 01:26:05', 1),
	(1209, 144, 15, '2024-04-22 04:53:51', '2024-05-13 01:26:05', 1),
	(1210, 143, 184, '2024-04-22 04:53:51', '2024-05-13 01:26:05', 1),
	(1211, 141, 23, '2024-04-22 04:53:51', '2024-05-13 01:26:05', 1),
	(1212, 142, 5.87, '2024-04-22 04:54:01', '2024-05-13 01:26:05', 1),
	(1213, 144, 21, '2024-04-22 04:54:01', '2024-05-13 01:26:05', 1),
	(1214, 143, 182, '2024-04-22 04:54:01', '2024-05-13 01:26:05', 1),
	(1215, 141, 23, '2024-04-22 04:54:01', '2024-05-13 01:26:05', 1),
	(1216, 142, 5.7, '2024-04-22 04:54:11', '2024-05-13 01:26:06', 1),
	(1217, 144, 16, '2024-04-22 04:54:11', '2024-05-13 01:26:06', 1),
	(1218, 143, 181, '2024-04-22 04:54:11', '2024-05-13 01:26:06', 1),
	(1219, 141, 23, '2024-04-22 04:54:11', '2024-05-13 01:26:06', 1),
	(1220, 142, 5.73, '2024-04-22 04:54:21', '2024-05-13 01:26:06', 1),
	(1221, 144, 18, '2024-04-22 04:54:21', '2024-05-13 01:26:06', 1),
	(1222, 143, 180, '2024-04-22 04:54:21', '2024-05-13 01:26:06', 1),
	(1223, 141, 23, '2024-04-22 04:54:21', '2024-05-13 01:26:06', 1),
	(1224, 142, 5.7, '2024-04-22 04:54:31', '2024-05-13 01:26:07', 1),
	(1225, 144, 18, '2024-04-22 04:54:31', '2024-05-13 01:26:07', 1),
	(1226, 143, 180, '2024-04-22 04:54:31', '2024-05-13 01:26:07', 1),
	(1227, 141, 23, '2024-04-22 04:54:31', '2024-05-13 01:26:07', 1),
	(1228, 142, 5.77, '2024-04-22 04:54:41', '2024-05-13 01:26:07', 1),
	(1229, 144, 20, '2024-04-22 04:54:41', '2024-05-13 01:26:07', 1),
	(1230, 143, 179, '2024-04-22 04:54:41', '2024-05-13 01:26:07', 1),
	(1231, 141, 22, '2024-04-22 04:54:41', '2024-05-13 01:26:07', 1),
	(1232, 142, 5.75, '2024-04-22 04:54:51', '2024-05-13 01:26:07', 1),
	(1233, 144, 19, '2024-04-22 04:54:51', '2024-05-13 01:26:08', 1),
	(1234, 143, 180, '2024-04-22 04:54:51', '2024-05-13 01:26:08', 1),
	(1235, 141, 22, '2024-04-22 04:54:51', '2024-05-13 01:26:08', 1),
	(1236, 142, 5.8, '2024-04-22 04:55:02', '2024-05-13 01:26:08', 1),
	(1237, 144, 15, '2024-04-22 04:55:02', '2024-05-13 01:26:08', 1),
	(1238, 143, 179, '2024-04-22 04:55:02', '2024-05-13 01:26:08', 1),
	(1239, 141, 22, '2024-04-22 04:55:02', '2024-05-13 01:26:08', 1),
	(1240, 142, 6, '2024-04-22 04:55:12', '2024-05-13 01:26:08', 1),
	(1241, 144, 20, '2024-04-22 04:55:12', '2024-05-13 01:26:08', 1),
	(1242, 143, 179, '2024-04-22 04:55:12', '2024-05-13 01:26:09', 1),
	(1243, 141, 22, '2024-04-22 04:55:12', '2024-05-13 01:26:09', 1),
	(1244, 142, 5.82, '2024-04-22 04:55:22', '2024-05-13 01:26:09', 1),
	(1245, 144, 20, '2024-04-22 04:55:22', '2024-05-13 01:26:09', 1),
	(1246, 143, 178, '2024-04-22 04:55:22', '2024-05-13 01:26:09', 1),
	(1247, 141, 22, '2024-04-22 04:55:22', '2024-05-13 01:26:09', 1),
	(1248, 142, 5.68, '2024-04-22 04:55:32', '2024-05-13 01:26:09', 1),
	(1249, 144, 19, '2024-04-22 04:55:32', '2024-05-13 01:26:10', 1),
	(1250, 143, 179, '2024-04-22 04:55:32', '2024-05-13 01:26:10', 1),
	(1251, 141, 22, '2024-04-22 04:55:32', '2024-05-13 01:26:10', 1),
	(1252, 142, 5.78, '2024-04-22 04:55:42', '2024-05-13 01:26:10', 1),
	(1253, 144, 18, '2024-04-22 04:55:42', '2024-05-13 01:26:10', 1),
	(1254, 143, 178, '2024-04-22 04:55:42', '2024-05-13 01:26:10', 1),
	(1255, 141, 22, '2024-04-22 04:55:42', '2024-05-13 01:26:10', 1),
	(1256, 142, 5.98, '2024-04-22 04:55:52', '2024-05-13 01:26:10', 1),
	(1257, 144, 20, '2024-04-22 04:55:52', '2024-05-13 01:26:10', 1),
	(1258, 143, 178, '2024-04-22 04:55:52', '2024-05-13 01:26:10', 1),
	(1259, 141, 22, '2024-04-22 04:55:52', '2024-05-13 01:26:11', 1),
	(1260, 142, 5.69, '2024-04-22 04:56:02', '2024-05-13 01:26:11', 1),
	(1261, 144, 19, '2024-04-22 04:56:02', '2024-05-13 01:26:11', 1),
	(1262, 143, 179, '2024-04-22 04:56:02', '2024-05-13 01:26:11', 1),
	(1263, 141, 22, '2024-04-22 04:56:02', '2024-05-13 01:26:11', 1),
	(1264, 142, 6, '2024-04-22 04:56:12', '2024-05-13 01:26:11', 1),
	(1265, 144, 19, '2024-04-22 04:56:12', '2024-05-13 01:26:11', 1),
	(1266, 143, 178, '2024-04-22 04:56:12', '2024-05-13 01:26:11', 1),
	(1267, 141, 22, '2024-04-22 04:56:12', '2024-05-13 01:26:11', 1),
	(1268, 142, 5.78, '2024-04-22 04:56:22', '2024-05-13 01:26:12', 1),
	(1269, 144, 15, '2024-04-22 04:56:22', '2024-05-13 01:26:12', 1),
	(1270, 143, 177, '2024-04-22 04:56:22', '2024-05-13 01:26:12', 1),
	(1271, 141, 21, '2024-04-22 04:56:22', '2024-05-13 01:26:12', 1),
	(1272, 142, 5.98, '2024-04-22 04:56:32', '2024-05-13 01:26:12', 1),
	(1273, 144, 20, '2024-04-22 04:56:32', '2024-05-13 01:26:12', 1),
	(1274, 143, 178, '2024-04-22 04:56:32', '2024-05-13 01:26:12', 1),
	(1275, 141, 21, '2024-04-22 04:56:32', '2024-05-13 01:26:12', 1),
	(1276, 142, 5.54, '2024-04-22 04:56:42', '2024-05-13 01:26:13', 1),
	(1277, 144, 21, '2024-04-22 04:56:42', '2024-05-13 01:26:13', 1),
	(1278, 143, 181, '2024-04-22 04:56:42', '2024-05-13 01:26:13', 1),
	(1279, 141, 21, '2024-04-22 04:56:42', '2024-05-13 01:26:13', 1),
	(1280, 142, 5.69, '2024-04-22 04:56:52', '2024-05-13 01:26:13', 1),
	(1281, 144, 14, '2024-04-22 04:56:52', '2024-05-13 01:26:13', 1),
	(1282, 143, 180, '2024-04-22 04:56:52', '2024-05-13 01:26:13', 1),
	(1283, 141, 21, '2024-04-22 04:56:52', '2024-05-13 01:26:13', 1),
	(1284, 142, 5.57, '2024-04-22 04:57:02', '2024-05-13 01:26:13', 1),
	(1285, 144, 21, '2024-04-22 04:57:02', '2024-05-13 01:26:13', 1),
	(1286, 143, 179, '2024-04-22 04:57:02', '2024-05-13 01:26:14', 1),
	(1287, 141, 21, '2024-04-22 04:57:02', '2024-05-13 01:26:14', 1),
	(1288, 142, 5.67, '2024-04-22 04:57:12', '2024-05-13 01:26:14', 1),
	(1289, 144, 17, '2024-04-22 04:57:12', '2024-05-13 01:26:14', 1),
	(1290, 143, 179, '2024-04-22 04:57:12', '2024-05-13 01:26:14', 1),
	(1291, 141, 21, '2024-04-22 04:57:12', '2024-05-13 01:26:14', 1),
	(1292, 142, 5.61, '2024-04-22 04:57:23', '2024-05-13 01:26:14', 1),
	(1293, 144, 17, '2024-04-22 04:57:23', '2024-05-13 01:26:14', 1),
	(1294, 143, 179, '2024-04-22 04:57:23', '2024-05-13 01:26:14', 1),
	(1295, 141, 21, '2024-04-22 04:57:23', '2024-05-13 01:26:14', 1),
	(1296, 142, 5.53, '2024-04-22 04:57:33', '2024-05-13 01:26:15', 1),
	(1297, 144, 16, '2024-04-22 04:57:33', '2024-05-13 01:26:15', 1),
	(1298, 143, 180, '2024-04-22 04:57:33', '2024-05-13 01:26:15', 1),
	(1299, 141, 21, '2024-04-22 04:57:33', '2024-05-13 01:26:15', 1),
	(1300, 142, 5.69, '2024-04-22 04:57:43', '2024-05-13 01:26:15', 1),
	(1301, 144, 13, '2024-04-22 04:57:43', '2024-05-13 01:26:15', 1),
	(1302, 143, 179, '2024-04-22 04:57:43', '2024-05-13 01:26:15', 1),
	(1303, 141, 21, '2024-04-22 04:57:43', '2024-05-13 01:26:15', 1),
	(1304, 142, 5.25, '2024-04-22 04:57:53', '2024-05-13 01:26:16', 1),
	(1305, 144, 16, '2024-04-22 04:57:53', '2024-05-13 01:26:16', 1),
	(1306, 143, 182, '2024-04-22 04:57:53', '2024-05-13 01:26:16', 1),
	(1307, 141, 21, '2024-04-22 04:57:53', '2024-05-13 01:26:16', 1),
	(1308, 142, 5.48, '2024-04-22 04:58:03', '2024-05-13 01:26:16', 1),
	(1309, 144, 21, '2024-04-22 04:58:03', '2024-05-13 01:26:16', 1),
	(1310, 143, 180, '2024-04-22 04:58:03', '2024-05-13 01:26:17', 1),
	(1311, 141, 21, '2024-04-22 04:58:03', '2024-05-13 01:26:17', 1),
	(1312, 142, 5.61, '2024-04-22 04:58:13', '2024-05-13 01:26:17', 1),
	(1313, 144, 17, '2024-04-22 04:58:13', '2024-05-13 01:26:17', 1),
	(1314, 143, 179, '2024-04-22 04:58:13', '2024-05-13 01:26:17', 1),
	(1315, 141, 21, '2024-04-22 04:58:13', '2024-05-13 01:26:18', 1),
	(1316, 142, 5.76, '2024-04-22 04:58:23', '2024-05-13 01:26:18', 1),
	(1317, 144, 17, '2024-04-22 04:58:23', '2024-05-13 01:26:18', 1),
	(1318, 143, 179, '2024-04-22 04:58:23', '2024-05-13 01:26:18', 1),
	(1319, 141, 21, '2024-04-22 04:58:23', '2024-05-13 01:26:18', 1),
	(1320, 142, 5.88, '2024-04-22 04:58:33', '2024-05-13 01:26:19', 1),
	(1321, 144, 19, '2024-04-22 04:58:33', '2024-05-13 01:26:19', 1),
	(1322, 143, 179, '2024-04-22 04:58:33', '2024-05-13 01:26:19', 1),
	(1323, 141, 21, '2024-04-22 04:58:33', '2024-05-13 01:26:19', 1),
	(1324, 142, 5.52, '2024-04-22 04:58:43', '2024-05-13 01:26:19', 1),
	(1325, 144, 19, '2024-04-22 04:58:43', '2024-05-13 01:26:20', 1),
	(1326, 143, 180, '2024-04-22 04:58:43', '2024-05-13 01:26:20', 1),
	(1327, 141, 21, '2024-04-22 04:58:43', '2024-05-13 01:26:20', 1),
	(1328, 142, 5.84, '2024-04-22 04:58:53', '2024-05-13 01:26:20', 1),
	(1329, 144, 16, '2024-04-22 04:58:53', '2024-05-13 01:26:20', 1),
	(1330, 143, 179, '2024-04-22 04:58:53', '2024-05-13 01:26:21', 1),
	(1331, 141, 21, '2024-04-22 04:58:53', '2024-05-13 01:26:21', 1),
	(1332, 142, 5.71, '2024-04-22 04:59:03', '2024-05-13 01:26:21', 1),
	(1333, 144, 16, '2024-04-22 04:59:03', '2024-05-13 01:26:22', 1),
	(1334, 143, 178, '2024-04-22 04:59:03', '2024-05-13 01:26:22', 1),
	(1335, 141, 21, '2024-04-22 04:59:03', '2024-05-13 01:26:22', 1),
	(1336, 142, 5.98, '2024-04-22 04:59:13', '2024-05-13 01:26:22', 1),
	(1337, 144, 16, '2024-04-22 04:59:13', '2024-05-13 01:26:22', 1),
	(1338, 143, 177, '2024-04-22 04:59:13', '2024-05-13 01:26:22', 1),
	(1339, 141, 21, '2024-04-22 04:59:13', '2024-05-13 01:26:23', 1),
	(1340, 142, 5.69, '2024-04-22 04:59:23', '2024-05-13 01:26:23', 1),
	(1341, 144, 17, '2024-04-22 04:59:23', '2024-05-13 01:26:23', 1),
	(1342, 143, 178, '2024-04-22 04:59:23', '2024-05-13 01:26:23', 1),
	(1343, 141, 21, '2024-04-22 04:59:23', '2024-05-13 01:26:24', 1),
	(1344, 142, 5.66, '2024-04-22 04:59:33', '2024-05-13 01:26:24', 1),
	(1345, 144, 16, '2024-04-22 04:59:33', '2024-05-13 01:26:24', 1),
	(1346, 143, 178, '2024-04-22 04:59:33', '2024-05-13 01:26:24', 1),
	(1347, 141, 20, '2024-04-22 04:59:33', '2024-05-13 01:26:24', 1),
	(1348, 142, 5.84, '2024-04-22 04:59:44', '2024-05-13 01:26:25', 1),
	(1349, 144, 16, '2024-04-22 04:59:44', '2024-05-13 01:26:25', 1),
	(1350, 143, 179, '2024-04-22 04:59:44', '2024-05-13 01:26:25', 1),
	(1351, 141, 20, '2024-04-22 04:59:44', '2024-05-13 01:26:25', 1),
	(1352, 142, 5.97, '2024-04-22 04:59:54', '2024-05-13 01:26:25', 1),
	(1353, 144, 16, '2024-04-22 04:59:54', '2024-05-13 01:26:26', 1),
	(1354, 143, 177, '2024-04-22 04:59:54', '2024-05-13 01:26:26', 1),
	(1355, 141, 20, '2024-04-22 04:59:54', '2024-05-13 01:26:26', 1),
	(1356, 142, 5.56, '2024-04-22 05:00:04', '2024-05-13 01:26:26', 1),
	(1357, 144, 17, '2024-04-22 05:00:04', '2024-05-13 01:26:27', 1),
	(1358, 143, 180, '2024-04-22 05:00:04', '2024-05-13 01:26:27', 1),
	(1359, 141, 20, '2024-04-22 05:00:04', '2024-05-13 01:26:27', 1),
	(1360, 142, 5.65, '2024-04-22 05:00:14', '2024-05-13 01:26:27', 1),
	(1361, 144, 20, '2024-04-22 05:00:14', '2024-05-13 01:26:27', 1),
	(1362, 143, 178, '2024-04-22 05:00:14', '2024-05-13 01:26:28', 1),
	(1363, 141, 20, '2024-04-22 05:00:14', '2024-05-13 01:26:28', 1),
	(1364, 142, 5.41, '2024-04-22 05:00:24', '2024-05-13 01:26:28', 1),
	(1365, 144, 19, '2024-04-22 05:00:24', '2024-05-13 01:26:28', 1),
	(1366, 143, 179, '2024-04-22 05:00:24', '2024-05-13 01:26:28', 1),
	(1367, 141, 20, '2024-04-22 05:00:24', '2024-05-13 01:26:29', 1),
	(1368, 142, 5.5, '2024-04-22 05:00:34', '2024-05-13 01:26:29', 1),
	(1369, 144, 19, '2024-04-22 05:00:34', '2024-05-13 01:26:29', 1),
	(1370, 143, 180, '2024-04-22 05:00:34', '2024-05-13 01:26:29', 1),
	(1371, 141, 20, '2024-04-22 05:00:34', '2024-05-13 01:26:29', 1),
	(1372, 142, 5.68, '2024-04-22 05:00:44', '2024-05-13 01:26:30', 1),
	(1373, 144, 15, '2024-04-22 05:00:44', '2024-05-13 01:26:30', 1),
	(1374, 143, 179, '2024-04-22 05:00:44', '2024-05-13 01:26:30', 1),
	(1375, 141, 20, '2024-04-22 05:00:44', '2024-05-13 01:26:30', 1),
	(1376, 142, 5.76, '2024-04-22 05:00:54', '2024-05-13 01:26:30', 1),
	(1377, 144, 20, '2024-04-22 05:00:54', '2024-05-13 01:26:31', 1),
	(1378, 143, 179, '2024-04-22 05:00:54', '2024-05-13 01:26:31', 1),
	(1379, 141, 20, '2024-04-22 05:00:54', '2024-05-13 01:26:31', 1),
	(1380, 142, 5.55, '2024-04-22 05:01:04', '2024-05-13 01:26:31', 1),
	(1381, 144, 11, '2024-04-22 05:01:04', '2024-05-13 01:26:31', 1),
	(1382, 143, 178, '2024-04-22 05:01:04', '2024-05-13 01:26:32', 1),
	(1383, 141, 20, '2024-04-22 05:01:04', '2024-05-13 01:26:32', 1),
	(1384, 142, 5.92, '2024-04-22 05:01:14', '2024-05-13 01:26:32', 1),
	(1385, 144, 19, '2024-04-22 05:01:14', '2024-05-13 01:26:32', 1),
	(1386, 143, 177, '2024-04-22 05:01:14', '2024-05-13 01:26:33', 1),
	(1387, 141, 20, '2024-04-22 05:01:14', '2024-05-13 01:26:33', 1),
	(1388, 142, 5.47, '2024-04-22 05:01:24', '2024-05-13 01:26:33', 1),
	(1389, 144, 19, '2024-04-22 05:01:24', '2024-05-13 01:26:33', 1),
	(1390, 143, 179, '2024-04-22 05:01:24', '2024-05-13 01:26:33', 1),
	(1391, 141, 20, '2024-04-22 05:01:24', '2024-05-13 01:26:34', 1),
	(1392, 142, 5.93, '2024-04-22 05:01:34', '2024-05-13 01:26:34', 1),
	(1393, 144, 21, '2024-04-22 05:01:34', '2024-05-13 01:26:34', 1),
	(1394, 143, 177, '2024-04-22 05:01:34', '2024-05-13 01:26:34', 1),
	(1395, 141, 20, '2024-04-22 05:01:34', '2024-05-13 01:26:34', 1),
	(1396, 142, 5.97, '2024-04-22 05:01:44', '2024-05-13 01:26:35', 1),
	(1397, 144, 21, '2024-04-22 05:01:44', '2024-05-13 01:26:35', 1),
	(1398, 143, 176, '2024-04-22 05:01:44', '2024-05-13 01:26:35', 1),
	(1399, 141, 20, '2024-04-22 05:01:44', '2024-05-13 01:26:35', 1),
	(1400, 142, 5.92, '2024-04-22 05:01:54', '2024-05-13 01:26:35', 1),
	(1401, 144, 17, '2024-04-22 05:01:54', '2024-05-13 01:26:35', 1),
	(1402, 143, 176, '2024-04-22 05:01:54', '2024-05-13 01:26:36', 1),
	(1403, 141, 20, '2024-04-22 05:01:54', '2024-05-13 01:26:36', 1),
	(1404, 142, 5.35, '2024-04-22 05:02:05', '2024-05-13 01:26:36', 1),
	(1405, 144, 15, '2024-04-22 05:02:05', '2024-05-13 01:26:36', 1),
	(1406, 143, 178, '2024-04-22 05:02:05', '2024-05-13 01:26:36', 1),
	(1407, 141, 20, '2024-04-22 05:02:05', '2024-05-13 01:26:36', 1),
	(1408, 142, 5.66, '2024-04-22 05:02:15', '2024-05-13 01:26:37', 1),
	(1409, 144, 16, '2024-04-22 05:02:15', '2024-05-13 01:26:37', 1),
	(1410, 143, 178, '2024-04-22 05:02:15', '2024-05-13 01:26:37', 1),
	(1411, 141, 20, '2024-04-22 05:02:15', '2024-05-13 01:26:37', 1),
	(1412, 142, 5.82, '2024-04-22 05:02:25', '2024-05-13 01:26:37', 1),
	(1413, 144, 20, '2024-04-22 05:02:25', '2024-05-13 01:26:37', 1),
	(1414, 143, 178, '2024-04-22 05:02:25', '2024-05-13 01:26:37', 1),
	(1415, 141, 20, '2024-04-22 05:02:25', '2024-05-13 01:26:38', 1),
	(1416, 142, 5.55, '2024-04-22 05:02:35', '2024-05-13 01:26:38', 1),
	(1417, 144, 19, '2024-04-22 05:02:35', '2024-05-13 01:26:38', 1),
	(1418, 143, 178, '2024-04-22 05:02:35', '2024-05-13 01:26:38', 1),
	(1419, 141, 20, '2024-04-22 05:02:35', '2024-05-13 01:26:38', 1),
	(1420, 142, 5.88, '2024-04-22 05:02:45', '2024-05-13 01:26:38', 1),
	(1421, 144, 15, '2024-04-22 05:02:45', '2024-05-13 01:26:38', 1),
	(1422, 143, 177, '2024-04-22 05:02:45', '2024-05-13 01:26:38', 1),
	(1423, 141, 20, '2024-04-22 05:02:45', '2024-05-13 01:26:38', 1),
	(1424, 142, 5.73, '2024-04-22 05:02:55', '2024-05-13 01:26:38', 1),
	(1425, 144, 17, '2024-04-22 05:02:55', '2024-05-13 01:26:38', 1),
	(1426, 143, 176, '2024-04-22 05:02:55', '2024-05-13 01:26:39', 1),
	(1427, 141, 20, '2024-04-22 05:02:55', '2024-05-13 01:26:39', 1),
	(1428, 142, 5.73, '2024-04-22 05:03:05', '2024-05-13 01:26:39', 1),
	(1429, 144, 21, '2024-04-22 05:03:05', '2024-05-13 01:26:39', 1),
	(1430, 143, 176, '2024-04-22 05:03:05', '2024-05-13 01:26:39', 1),
	(1431, 141, 20, '2024-04-22 05:03:05', '2024-05-13 01:26:39', 1),
	(1432, 142, 5.98, '2024-04-22 05:03:15', '2024-05-13 01:26:39', 1),
	(1433, 144, 20, '2024-04-22 05:03:15', '2024-05-13 01:26:39', 1),
	(1434, 143, 175, '2024-04-22 05:03:15', '2024-05-13 01:26:39', 1),
	(1435, 141, 19, '2024-04-22 05:03:15', '2024-05-13 01:26:39', 1),
	(1436, 142, 5.81, '2024-04-22 05:03:25', '2024-05-13 01:26:39', 1),
	(1437, 144, 17, '2024-04-22 05:03:25', '2024-05-13 01:26:39', 1),
	(1438, 143, 174, '2024-04-22 05:03:25', '2024-05-13 01:26:40', 1),
	(1439, 141, 19, '2024-04-22 05:03:25', '2024-05-13 01:26:40', 1),
	(1440, 142, 5.77, '2024-04-22 05:03:35', '2024-05-13 01:26:40', 1),
	(1441, 144, 18, '2024-04-22 05:03:35', '2024-05-13 01:26:40', 1),
	(1442, 143, 174, '2024-04-22 05:03:35', '2024-05-13 01:26:40', 1),
	(1443, 141, 19, '2024-04-22 05:03:35', '2024-05-13 01:26:40', 1),
	(1444, 142, 6.02, '2024-04-22 05:03:45', '2024-05-13 01:26:40', 1),
	(1445, 144, 21, '2024-04-22 05:03:45', '2024-05-13 01:26:40', 1),
	(1446, 143, 173, '2024-04-22 05:03:45', '2024-05-13 01:26:40', 1),
	(1447, 141, 19, '2024-04-22 05:03:45', '2024-05-13 01:26:40', 1),
	(1448, 142, 5.98, '2024-04-22 05:03:55', '2024-05-13 01:26:40', 1),
	(1449, 144, 17, '2024-04-22 05:03:55', '2024-05-13 01:26:41', 1),
	(1450, 143, 173, '2024-04-22 05:03:55', '2024-05-13 01:26:41', 1),
	(1451, 141, 19, '2024-04-22 05:03:55', '2024-05-13 01:26:41', 1),
	(1452, 142, 5.75, '2024-04-22 05:04:05', '2024-05-13 01:26:41', 1),
	(1453, 144, 21, '2024-04-22 05:04:05', '2024-05-13 01:26:41', 1),
	(1454, 143, 173, '2024-04-22 05:04:05', '2024-05-13 01:26:41', 1),
	(1455, 141, 19, '2024-04-22 05:04:05', '2024-05-13 01:26:41', 1),
	(1456, 142, 5.95, '2024-04-22 05:04:15', '2024-05-13 01:26:41', 1),
	(1457, 144, 21, '2024-04-22 05:04:15', '2024-05-13 01:26:41', 1),
	(1458, 143, 174, '2024-04-22 05:04:15', '2024-05-13 01:26:42', 1),
	(1459, 141, 19, '2024-04-22 05:04:15', '2024-05-13 01:26:42', 1),
	(1460, 142, 5.76, '2024-04-22 05:04:26', '2024-05-13 01:26:42', 1),
	(1461, 144, 20, '2024-04-22 05:04:26', '2024-05-13 01:26:42', 1),
	(1462, 143, 174, '2024-04-22 05:04:26', '2024-05-13 01:26:42', 1),
	(1463, 141, 19, '2024-04-22 05:04:26', '2024-05-13 01:26:42', 1),
	(1464, 142, 5.97, '2024-04-22 05:04:36', '2024-05-13 01:26:42', 1),
	(1465, 144, 19, '2024-04-22 05:04:36', '2024-05-13 01:26:42', 1),
	(1466, 143, 173, '2024-04-22 05:04:36', '2024-05-13 01:26:42', 1),
	(1467, 141, 19, '2024-04-22 05:04:36', '2024-05-13 01:26:42', 1),
	(1468, 142, 5.78, '2024-04-22 05:04:46', '2024-05-13 01:26:42', 1),
	(1469, 144, 17, '2024-04-22 05:04:46', '2024-05-13 01:26:42', 1),
	(1470, 143, 174, '2024-04-22 05:04:46', '2024-05-13 01:26:43', 1),
	(1471, 141, 19, '2024-04-22 05:04:46', '2024-05-13 01:26:43', 1),
	(1472, 142, 5.93, '2024-04-22 05:04:56', '2024-05-13 01:26:43', 1),
	(1473, 144, 21, '2024-04-22 05:04:56', '2024-05-13 01:26:43', 1),
	(1474, 143, 174, '2024-04-22 05:04:56', '2024-05-13 01:26:43', 1),
	(1475, 141, 19, '2024-04-22 05:04:56', '2024-05-13 01:26:43', 1),
	(1476, 142, 5.67, '2024-04-22 05:05:06', '2024-05-13 01:26:44', 1),
	(1477, 144, 17, '2024-04-22 05:05:06', '2024-05-13 01:26:44', 1),
	(1478, 143, 174, '2024-04-22 05:05:06', '2024-05-13 01:26:44', 1),
	(1479, 141, 19, '2024-04-22 05:05:06', '2024-05-13 01:26:44', 1),
	(1480, 142, 5.71, '2024-04-22 05:05:16', '2024-05-13 01:26:44', 1),
	(1481, 144, 21, '2024-04-22 05:05:16', '2024-05-13 01:26:44', 1),
	(1482, 143, 174, '2024-04-22 05:05:16', '2024-05-13 01:26:44', 1),
	(1483, 141, 19, '2024-04-22 05:05:16', '2024-05-13 01:26:44', 1),
	(1484, 142, 5.92, '2024-04-22 05:05:26', '2024-05-13 01:26:44', 1),
	(1485, 144, 20, '2024-04-22 05:05:26', '2024-05-13 01:26:44', 1),
	(1486, 143, 175, '2024-04-22 05:05:26', '2024-05-13 01:26:44', 1),
	(1487, 141, 19, '2024-04-22 05:05:26', '2024-05-13 01:26:44', 1),
	(1488, 142, 5.97, '2024-04-22 05:05:36', '2024-05-13 01:26:45', 1),
	(1489, 144, 17, '2024-04-22 05:05:36', '2024-05-13 01:26:45', 1),
	(1490, 143, 174, '2024-04-22 05:05:36', '2024-05-13 01:26:45', 1),
	(1491, 141, 19, '2024-04-22 05:05:36', '2024-05-13 01:26:45', 1),
	(1492, 142, 5.77, '2024-04-22 05:05:46', '2024-05-13 01:26:45', 1),
	(1493, 144, 21, '2024-04-22 05:05:46', '2024-05-13 01:26:45', 1),
	(1494, 143, 173, '2024-04-22 05:05:46', '2024-05-13 01:26:46', 1),
	(1495, 141, 19, '2024-04-22 05:05:46', '2024-05-13 01:26:46', 1),
	(1496, 142, 5.86, '2024-04-22 05:05:56', '2024-05-13 01:26:46', 1),
	(1497, 144, 19, '2024-04-22 05:05:56', '2024-05-13 01:26:46', 1),
	(1498, 143, 174, '2024-04-22 05:05:56', '2024-05-13 01:26:46', 1),
	(1499, 141, 19, '2024-04-22 05:05:56', '2024-05-13 01:26:46', 1),
	(1500, 142, 5.92, '2024-04-22 05:06:06', '2024-05-13 01:26:46', 1),
	(1501, 144, 21, '2024-04-22 05:06:06', '2024-05-13 01:26:46', 1),
	(1502, 143, 174, '2024-04-22 05:06:06', '2024-05-13 01:26:46', 1),
	(1503, 141, 19, '2024-04-22 05:06:06', '2024-05-13 01:26:47', 1),
	(1504, 142, 5.68, '2024-04-22 05:06:16', '2024-05-13 01:26:47', 1),
	(1505, 144, 19, '2024-04-22 05:06:16', '2024-05-13 01:26:47', 1),
	(1506, 143, 173, '2024-04-22 05:06:16', '2024-05-13 01:26:47', 1),
	(1507, 141, 19, '2024-04-22 05:06:16', '2024-05-13 01:26:47', 1),
	(1508, 142, 5.98, '2024-04-22 05:06:26', '2024-05-13 01:26:47', 1),
	(1509, 144, 21, '2024-04-22 05:06:26', '2024-05-13 01:26:47', 1),
	(1510, 143, 173, '2024-04-22 05:06:26', '2024-05-13 01:26:47', 1),
	(1511, 141, 19, '2024-04-22 05:06:26', '2024-05-13 01:26:48', 1),
	(1512, 142, 5.91, '2024-04-22 05:06:36', '2024-05-13 01:26:48', 1),
	(1513, 144, 18, '2024-04-22 05:06:36', '2024-05-13 01:26:48', 1),
	(1514, 143, 173, '2024-04-22 05:06:36', '2024-05-13 01:26:48', 1),
	(1515, 141, 19, '2024-04-22 05:06:36', '2024-05-13 01:26:48', 1),
	(1516, 142, 5.69, '2024-04-22 05:06:46', '2024-05-13 01:26:48', 1),
	(1517, 144, 21, '2024-04-22 05:06:46', '2024-05-13 01:26:48', 1),
	(1518, 143, 173, '2024-04-22 05:06:46', '2024-05-13 01:26:48', 1),
	(1519, 141, 19, '2024-04-22 05:06:46', '2024-05-13 01:26:48', 1),
	(1520, 142, 5.9, '2024-04-22 05:06:57', '2024-05-13 01:26:48', 1),
	(1521, 144, 21, '2024-04-22 05:06:57', '2024-05-13 01:26:48', 1),
	(1522, 143, 173, '2024-04-22 05:06:57', '2024-05-13 01:26:48', 1),
	(1523, 141, 19, '2024-04-22 05:06:57', '2024-05-13 01:26:48', 1),
	(1524, 142, 5.94, '2024-04-22 05:07:07', '2024-05-13 01:26:48', 1),
	(1525, 144, 17, '2024-04-22 05:07:07', '2024-05-13 01:26:48', 1),
	(1526, 143, 173, '2024-04-22 05:07:07', '2024-05-13 01:26:48', 1),
	(1527, 141, 19, '2024-04-22 05:07:07', '2024-05-13 01:26:49', 1),
	(1528, 142, 6, '2024-04-22 05:07:17', '2024-05-13 01:26:49', 1),
	(1529, 144, 20, '2024-04-22 05:07:17', '2024-05-13 01:26:49', 1),
	(1530, 143, 173, '2024-04-22 05:07:17', '2024-05-13 01:26:49', 1),
	(1531, 141, 19, '2024-04-22 05:07:17', '2024-05-13 01:26:49', 1),
	(1532, 142, 5.79, '2024-04-22 05:07:27', '2024-05-13 01:26:49', 1),
	(1533, 144, 17, '2024-04-22 05:07:27', '2024-05-13 01:26:49', 1),
	(1534, 143, 173, '2024-04-22 05:07:27', '2024-05-13 01:26:49', 1),
	(1535, 141, 18, '2024-04-22 05:07:27', '2024-05-13 01:26:50', 1),
	(1536, 142, 5.77, '2024-04-22 05:07:37', '2024-05-13 01:26:50', 1),
	(1537, 144, 21, '2024-04-22 05:07:37', '2024-05-13 01:26:50', 1),
	(1538, 143, 173, '2024-04-22 05:07:37', '2024-05-13 01:26:50', 1),
	(1539, 141, 19, '2024-04-22 05:07:37', '2024-05-13 01:26:50', 1),
	(1540, 142, 5.76, '2024-04-22 05:07:47', '2024-05-13 01:26:50', 1),
	(1541, 144, 17, '2024-04-22 05:07:47', '2024-05-13 01:26:50', 1),
	(1542, 143, 173, '2024-04-22 05:07:47', '2024-05-13 01:26:51', 1),
	(1543, 141, 18, '2024-04-22 05:07:47', '2024-05-13 01:26:51', 1),
	(1544, 142, 4.76, '2024-04-22 05:07:57', '2024-05-13 01:26:51', 1),
	(1545, 144, 15, '2024-04-22 05:07:57', '2024-05-13 01:26:52', 1),
	(1546, 143, 177, '2024-04-22 05:07:57', '2024-05-13 01:26:52', 1),
	(1547, 141, 18, '2024-04-22 05:07:57', '2024-05-13 01:26:52', 1),
	(1548, 142, 5.23, '2024-04-22 05:08:07', '2024-05-13 01:26:52', 1),
	(1549, 144, 19, '2024-04-22 05:08:07', '2024-05-13 01:26:52', 1),
	(1550, 143, 176, '2024-04-22 05:08:07', '2024-05-13 01:26:52', 1),
	(1551, 141, 18, '2024-04-22 05:08:07', '2024-05-13 01:26:52', 1),
	(1552, 142, 5.28, '2024-04-22 05:08:17', '2024-05-13 01:26:52', 1),
	(1553, 144, 20, '2024-04-22 05:08:17', '2024-05-13 01:26:52', 1),
	(1554, 143, 176, '2024-04-22 05:08:17', '2024-05-13 01:26:53', 1),
	(1555, 141, 18, '2024-04-22 05:08:17', '2024-05-13 01:26:53', 1),
	(1556, 142, 5.58, '2024-04-22 05:08:27', '2024-05-13 01:26:53', 1),
	(1557, 144, 18, '2024-04-22 05:08:27', '2024-05-13 01:26:53', 1),
	(1558, 143, 176, '2024-04-22 05:08:27', '2024-05-13 01:26:53', 1),
	(1559, 141, 18, '2024-04-22 05:08:27', '2024-05-13 01:26:53', 1),
	(1560, 142, 5.43, '2024-04-22 05:08:37', '2024-05-13 01:26:53', 1),
	(1561, 144, 18, '2024-04-22 05:08:37', '2024-05-13 01:26:53', 1),
	(1562, 143, 176, '2024-04-22 05:08:37', '2024-05-13 01:26:54', 1),
	(1563, 141, 18, '2024-04-22 05:08:37', '2024-05-13 01:26:54', 1),
	(1564, 142, 5.09, '2024-04-22 05:08:47', '2024-05-13 01:26:54', 1),
	(1565, 144, 18, '2024-04-22 05:08:47', '2024-05-13 01:26:54', 1),
	(1566, 143, 177, '2024-04-22 05:08:47', '2024-05-13 01:26:54', 1),
	(1567, 141, 18, '2024-04-22 05:08:47', '2024-05-13 01:26:54', 1),
	(1568, 142, 5.79, '2024-04-22 05:08:57', '2024-05-13 01:26:55', 1),
	(1569, 144, 18, '2024-04-22 05:08:57', '2024-05-13 01:26:55', 1),
	(1570, 143, 175, '2024-04-22 05:08:57', '2024-05-13 01:26:55', 1),
	(1571, 141, 18, '2024-04-22 05:08:57', '2024-05-13 01:26:55', 1),
	(1572, 142, 5.82, '2024-04-22 05:11:03', '2024-05-13 01:26:55', 1),
	(1573, 144, 6, '2024-04-22 05:11:03', '2024-05-13 01:26:55', 1),
	(1574, 143, 175, '2024-04-22 05:11:03', '2024-05-13 01:26:56', 1),
	(1575, 141, 20, '2024-04-22 05:11:03', '2024-05-13 01:26:56', 1),
	(1576, 142, 5.73, '2024-04-22 05:11:13', '2024-05-13 01:26:56', 1),
	(1577, 144, 9, '2024-04-22 05:11:13', '2024-05-13 01:26:56', 1),
	(1578, 143, 174, '2024-04-22 05:11:13', '2024-05-13 01:26:56', 1),
	(1579, 141, 19, '2024-04-22 05:11:13', '2024-05-13 01:26:56', 1),
	(1580, 142, 5.46, '2024-04-22 05:11:23', '2024-05-13 01:26:56', 1),
	(1581, 144, 9, '2024-04-22 05:11:23', '2024-05-13 01:26:56', 1),
	(1582, 143, 177, '2024-04-22 05:11:23', '2024-05-13 01:26:56', 1),
	(1583, 141, 21, '2024-04-22 05:11:23', '2024-05-13 01:26:56', 1),
	(1584, 142, 5.85, '2024-04-22 05:11:33', '2024-05-13 01:26:56', 1),
	(1585, 144, 9, '2024-04-22 05:11:33', '2024-05-13 01:26:57', 1),
	(1586, 143, 177, '2024-04-22 05:11:33', '2024-05-13 01:26:57', 1),
	(1587, 141, 21, '2024-04-22 05:11:33', '2024-05-13 01:26:57', 1),
	(1588, 142, 5.53, '2024-04-22 05:11:43', '2024-05-13 01:26:57', 1),
	(1589, 144, 9, '2024-04-22 05:11:43', '2024-05-13 01:26:57', 1),
	(1590, 143, 177, '2024-04-22 05:11:43', '2024-05-13 01:26:57', 1),
	(1591, 141, 20, '2024-04-22 05:11:43', '2024-05-13 01:26:57', 1),
	(1592, 142, 5.29, '2024-04-22 05:18:14', '2024-05-13 01:26:57', 1),
	(1593, 144, 5, '2024-04-22 05:18:14', '2024-05-13 01:26:57', 1),
	(1594, 143, 175, '2024-04-22 05:18:14', '2024-05-13 01:26:57', 1),
	(1595, 141, 21, '2024-04-22 05:18:14', '2024-05-13 01:26:57', 1),
	(1596, 142, 5.49, '2024-04-22 05:19:15', '2024-05-13 01:26:57', 1),
	(1597, 144, 9, '2024-04-22 05:19:15', '2024-05-13 01:26:57', 1),
	(1598, 143, 175, '2024-04-22 05:19:15', '2024-05-13 01:26:58', 1),
	(1599, 141, 21, '2024-04-22 05:19:15', '2024-05-13 01:26:58', 1),
	(1600, 142, 5.45, '2024-04-22 05:20:15', '2024-05-13 01:26:58', 1),
	(1601, 144, 8, '2024-04-22 05:20:15', '2024-05-13 01:26:58', 1),
	(1602, 143, 174, '2024-04-22 05:20:15', '2024-05-13 01:26:58', 1),
	(1603, 141, 21, '2024-04-22 05:20:15', '2024-05-13 01:26:58', 1),
	(1604, 142, 5.23, '2024-04-22 05:21:15', '2024-05-13 01:26:58', 1),
	(1605, 144, 8, '2024-04-22 05:21:15', '2024-05-13 01:26:58', 1),
	(1606, 143, 175, '2024-04-22 05:21:15', '2024-05-13 01:26:58', 1),
	(1607, 141, 21, '2024-04-22 05:21:15', '2024-05-13 01:26:58', 1),
	(1608, 142, 5.12, '2024-04-22 05:22:15', '2024-05-13 01:26:58', 1),
	(1609, 144, 7, '2024-04-22 05:22:15', '2024-05-13 01:26:59', 1),
	(1610, 143, 175, '2024-04-22 05:22:15', '2024-05-13 01:26:59', 1),
	(1611, 141, 20, '2024-04-22 05:22:15', '2024-05-13 01:26:59', 1),
	(1612, 142, 5.43, '2024-04-22 05:23:15', '2024-05-13 01:26:59', 1),
	(1613, 144, 9, '2024-04-22 05:23:15', '2024-05-13 01:26:59', 1),
	(1614, 143, 174, '2024-04-22 05:23:15', '2024-05-13 01:26:59', 1),
	(1615, 141, 20, '2024-04-22 05:23:15', '2024-05-13 01:26:59', 1),
	(1616, 142, 5.62, '2024-04-22 05:24:16', '2024-05-13 01:26:59', 1),
	(1617, 144, 8, '2024-04-22 05:24:16', '2024-05-13 01:26:59', 1),
	(1618, 143, 174, '2024-04-22 05:24:16', '2024-05-13 01:26:59', 1),
	(1619, 141, 20, '2024-04-22 05:24:16', '2024-05-13 01:26:59', 1),
	(1620, 142, 5.77, '2024-04-22 05:25:16', '2024-05-13 01:26:59', 1),
	(1621, 144, 9, '2024-04-22 05:25:16', '2024-05-13 01:27:00', 1),
	(1622, 143, 173, '2024-04-22 05:25:16', '2024-05-13 01:27:00', 1),
	(1623, 141, 20, '2024-04-22 05:25:16', '2024-05-13 01:27:00', 1),
	(1624, 142, 5.11, '2024-04-22 05:26:16', '2024-05-13 01:27:00', 1),
	(1625, 144, 8, '2024-04-22 05:26:16', '2024-05-13 01:27:00', 1),
	(1626, 143, 173, '2024-04-22 05:26:16', '2024-05-13 01:27:00', 1),
	(1627, 141, 23, '2024-04-22 05:26:16', '2024-05-13 01:27:00', 1),
	(1628, 142, 5.44, '2024-04-22 05:27:16', '2024-05-13 01:27:00', 1),
	(1629, 144, 8, '2024-04-22 05:27:16', '2024-05-13 01:27:00', 1),
	(1630, 143, 172, '2024-04-22 05:27:16', '2024-05-13 01:27:00', 1),
	(1631, 141, 24, '2024-04-22 05:27:16', '2024-05-13 01:27:00', 1),
	(1632, 142, 5.51, '2024-04-22 05:28:16', '2024-05-13 01:27:00', 1),
	(1633, 144, 8, '2024-04-22 05:28:16', '2024-05-13 01:27:01', 1),
	(1634, 143, 170, '2024-04-22 05:28:16', '2024-05-13 01:27:01', 1),
	(1635, 141, 24, '2024-04-22 05:28:16', '2024-05-13 01:27:01', 1),
	(1636, 142, 5.38, '2024-04-22 05:29:17', '2024-05-13 01:27:01', 1),
	(1637, 144, 8, '2024-04-22 05:29:17', '2024-05-13 01:27:01', 1),
	(1638, 143, 168, '2024-04-22 05:29:17', '2024-05-13 01:27:01', 1),
	(1639, 141, 24, '2024-04-22 05:29:17', '2024-05-13 01:27:01', 1),
	(1640, 142, 5.69, '2024-04-22 05:30:17', '2024-05-13 01:27:01', 1),
	(1641, 144, 8, '2024-04-22 05:30:17', '2024-05-13 01:27:01', 1),
	(1642, 143, 170, '2024-04-22 05:30:17', '2024-05-13 01:27:02', 1),
	(1643, 141, 23, '2024-04-22 05:30:17', '2024-05-13 01:27:02', 1),
	(1644, 142, 5.76, '2024-04-22 05:31:17', '2024-05-13 01:27:02', 1),
	(1645, 144, 8, '2024-04-22 05:31:17', '2024-05-13 01:27:02', 1),
	(1646, 143, 169, '2024-04-22 05:31:17', '2024-05-13 01:27:02', 1),
	(1647, 141, 22, '2024-04-22 05:31:17', '2024-05-13 01:27:02', 1),
	(1648, 142, 5.4, '2024-04-22 05:32:17', '2024-05-13 01:27:03', 1),
	(1649, 144, 8, '2024-04-22 05:32:17', '2024-05-13 01:27:03', 1),
	(1650, 143, 168, '2024-04-22 05:32:17', '2024-05-13 01:27:03', 1),
	(1651, 141, 22, '2024-04-22 05:32:17', '2024-05-13 01:27:03', 1),
	(1652, 142, 5.26, '2024-04-22 05:33:17', '2024-05-13 01:27:03', 1),
	(1653, 144, 8, '2024-04-22 05:33:17', '2024-05-13 01:27:04', 1),
	(1654, 143, 168, '2024-04-22 05:33:17', '2024-05-13 01:27:04', 1),
	(1655, 141, 25, '2024-04-22 05:33:17', '2024-05-13 01:27:04', 1),
	(1656, 142, 5.4, '2024-04-22 05:34:17', '2024-05-13 01:27:04', 1),
	(1657, 144, 8, '2024-04-22 05:34:17', '2024-05-13 01:27:04', 1),
	(1658, 143, 169, '2024-04-22 05:34:17', '2024-05-13 01:27:05', 1),
	(1659, 141, 25, '2024-04-22 05:34:17', '2024-05-13 01:27:05', 1),
	(1660, 142, 5.42, '2024-04-22 05:35:18', '2024-05-13 01:27:05', 1),
	(1661, 144, 8, '2024-04-22 05:35:18', '2024-05-13 01:27:05', 1),
	(1662, 143, 167, '2024-04-22 05:35:18', '2024-05-13 01:27:05', 1),
	(1663, 141, 25, '2024-04-22 05:35:18', '2024-05-13 01:27:05', 1),
	(1664, 142, 5.34, '2024-04-22 05:36:18', '2024-05-13 01:27:05', 1),
	(1665, 144, 8, '2024-04-22 05:36:18', '2024-05-13 01:27:05', 1),
	(1666, 143, 171, '2024-04-22 05:36:18', '2024-05-13 01:27:06', 1),
	(1667, 141, 26, '2024-04-22 05:36:18', '2024-05-13 01:27:06', 1),
	(1668, 142, 5.28, '2024-04-22 05:37:18', '2024-05-13 01:27:06', 1),
	(1669, 144, 8, '2024-04-22 05:37:18', '2024-05-13 01:27:06', 1),
	(1670, 143, 171, '2024-04-22 05:37:18', '2024-05-13 01:27:06', 1),
	(1671, 141, 27, '2024-04-22 05:37:18', '2024-05-13 01:27:06', 1),
	(1672, 142, 5.56, '2024-04-22 05:38:18', '2024-05-13 01:27:07', 1),
	(1673, 144, 8, '2024-04-22 05:38:18', '2024-05-13 01:27:07', 1),
	(1674, 143, 170, '2024-04-22 05:38:18', '2024-05-13 01:27:07', 1),
	(1675, 141, 31, '2024-04-22 05:38:18', '2024-05-13 01:27:07', 1),
	(1676, 142, 5.38, '2024-04-22 05:39:18', '2024-05-13 01:27:07', 1),
	(1677, 144, 8, '2024-04-22 05:39:18', '2024-05-13 01:27:07', 1),
	(1678, 143, 172, '2024-04-22 05:39:18', '2024-05-13 01:27:07', 1),
	(1679, 141, 31, '2024-04-22 05:39:18', '2024-05-13 01:27:07', 1),
	(1680, 142, 5.38, '2024-04-22 05:40:19', '2024-05-13 01:27:07', 1),
	(1681, 144, 8, '2024-04-22 05:40:19', '2024-05-13 01:27:08', 1),
	(1682, 143, 171, '2024-04-22 05:40:19', '2024-05-13 01:27:08', 1),
	(1683, 141, 30, '2024-04-22 05:40:19', '2024-05-13 01:27:08', 1),
	(1684, 142, 5.56, '2024-04-22 05:41:19', '2024-05-13 01:27:08', 1),
	(1685, 144, 8, '2024-04-22 05:41:19', '2024-05-13 01:27:08', 1),
	(1686, 143, 171, '2024-04-22 05:41:19', '2024-05-13 01:27:08', 1),
	(1687, 141, 29, '2024-04-22 05:41:19', '2024-05-13 01:27:08', 1),
	(1688, 142, 5.51, '2024-04-22 05:42:19', '2024-05-13 01:27:08', 1),
	(1689, 144, 8, '2024-04-22 05:42:19', '2024-05-13 01:27:09', 1),
	(1690, 143, 171, '2024-04-22 05:42:19', '2024-05-13 01:27:09', 1),
	(1691, 141, 28, '2024-04-22 05:42:19', '2024-05-13 01:27:09', 1),
	(1692, 142, 5.02, '2024-04-22 05:43:19', '2024-05-13 01:27:09', 1),
	(1693, 144, 9, '2024-04-22 05:43:19', '2024-05-13 01:27:09', 1),
	(1694, 143, 171, '2024-04-22 05:43:19', '2024-05-13 01:27:09', 1),
	(1695, 141, 28, '2024-04-22 05:43:19', '2024-05-13 01:27:09', 1),
	(1696, 142, 5.25, '2024-04-22 05:44:19', '2024-05-13 01:27:09', 1),
	(1697, 144, 8, '2024-04-22 05:44:19', '2024-05-13 01:27:10', 1),
	(1698, 143, 171, '2024-04-22 05:44:19', '2024-05-13 01:27:10', 1),
	(1699, 141, 27, '2024-04-22 05:44:19', '2024-05-13 01:27:10', 1),
	(1700, 142, 5.4, '2024-04-22 05:45:19', '2024-05-13 01:27:10', 1),
	(1701, 144, 8, '2024-04-22 05:45:19', '2024-05-13 01:27:10', 1),
	(1702, 143, 169, '2024-04-22 05:45:19', '2024-05-13 01:27:10', 1),
	(1703, 141, 26, '2024-04-22 05:45:19', '2024-05-13 01:27:11', 1),
	(1704, 142, 5.28, '2024-04-22 05:46:20', '2024-05-13 01:27:11', 1),
	(1705, 144, 9, '2024-04-22 05:46:20', '2024-05-13 01:27:11', 1),
	(1706, 143, 171, '2024-04-22 05:46:20', '2024-05-13 01:27:11', 1),
	(1707, 141, 26, '2024-04-22 05:46:20', '2024-05-13 01:27:11', 1),
	(1708, 142, 5.54, '2024-04-22 05:47:20', '2024-05-13 01:27:11', 1),
	(1709, 144, 8, '2024-04-22 05:47:20', '2024-05-13 01:27:11', 1),
	(1710, 143, 171, '2024-04-22 05:47:20', '2024-05-13 01:27:12', 1),
	(1711, 141, 25, '2024-04-22 05:47:20', '2024-05-13 01:27:12', 1),
	(1712, 142, 5.76, '2024-04-22 05:48:20', '2024-05-13 01:27:12', 1),
	(1713, 144, 9, '2024-04-22 05:48:20', '2024-05-13 01:27:12', 1),
	(1714, 143, 170, '2024-04-22 05:48:20', '2024-05-13 01:27:12', 1),
	(1715, 141, 24, '2024-04-22 05:48:20', '2024-05-13 01:27:12', 1),
	(1716, 142, 5.35, '2024-04-22 05:49:20', '2024-05-13 01:27:12', 1),
	(1717, 144, 9, '2024-04-22 05:49:20', '2024-05-13 01:27:12', 1),
	(1718, 143, 171, '2024-04-22 05:49:20', '2024-05-13 01:27:12', 1),
	(1719, 141, 24, '2024-04-22 05:49:20', '2024-05-13 01:27:13', 1),
	(1720, 142, 5.42, '2024-04-22 05:50:20', '2024-05-13 01:27:13', 1),
	(1721, 144, 8, '2024-04-22 05:50:20', '2024-05-13 01:27:13', 1),
	(1722, 143, 170, '2024-04-22 05:50:20', '2024-05-13 01:27:13', 1),
	(1723, 141, 23, '2024-04-22 05:50:20', '2024-05-13 01:27:13', 1),
	(1724, 142, 5.65, '2024-04-22 05:51:21', '2024-05-13 01:27:13', 1),
	(1725, 144, 8, '2024-04-22 05:51:21', '2024-05-13 01:27:13', 1),
	(1726, 143, 171, '2024-04-22 05:51:21', '2024-05-13 01:27:13', 1),
	(1727, 141, 23, '2024-04-22 05:51:21', '2024-05-13 01:27:14', 1),
	(1728, 142, 5.52, '2024-04-22 05:52:21', '2024-05-13 01:27:14', 1),
	(1729, 144, 7, '2024-04-22 05:52:21', '2024-05-13 01:27:14', 1),
	(1730, 143, 171, '2024-04-22 05:52:21', '2024-05-13 01:27:14', 1),
	(1731, 141, 23, '2024-04-22 05:52:21', '2024-05-13 01:27:14', 1),
	(1732, 142, 5.38, '2024-04-22 05:53:21', '2024-05-13 01:27:14', 1),
	(1733, 144, 8, '2024-04-22 05:53:21', '2024-05-13 01:27:14', 1),
	(1734, 143, 170, '2024-04-22 05:53:21', '2024-05-13 01:27:14', 1),
	(1735, 141, 22, '2024-04-22 05:53:21', '2024-05-13 01:27:14', 1),
	(1736, 142, 4.96, '2024-04-22 05:54:21', '2024-05-13 01:27:15', 1),
	(1737, 144, 8, '2024-04-22 05:54:21', '2024-05-13 01:27:15', 1),
	(1738, 143, 169, '2024-04-22 05:54:21', '2024-05-13 01:27:15', 1),
	(1739, 141, 21, '2024-04-22 05:54:21', '2024-05-13 01:27:15', 1),
	(1740, 142, 5.52, '2024-04-22 05:55:21', '2024-05-13 01:27:15', 1),
	(1741, 144, 8, '2024-04-22 05:55:21', '2024-05-13 01:27:15', 1),
	(1742, 143, 170, '2024-04-22 05:55:21', '2024-05-13 01:27:15', 1),
	(1743, 141, 21, '2024-04-22 05:55:21', '2024-05-13 01:27:15', 1),
	(1744, 142, 5.35, '2024-04-22 05:56:22', '2024-05-13 01:27:15', 1),
	(1745, 144, 8, '2024-04-22 05:56:22', '2024-05-13 01:27:16', 1),
	(1746, 143, 170, '2024-04-22 05:56:22', '2024-05-13 01:27:16', 1),
	(1747, 141, 20, '2024-04-22 05:56:22', '2024-05-13 01:27:16', 1),
	(1748, 142, 5.27, '2024-04-22 05:57:22', '2024-05-13 01:27:16', 1),
	(1749, 144, 9, '2024-04-22 05:57:22', '2024-05-13 01:27:16', 1),
	(1750, 143, 170, '2024-04-22 05:57:22', '2024-05-13 01:27:16', 1),
	(1751, 141, 20, '2024-04-22 05:57:22', '2024-05-13 01:27:16', 1),
	(1752, 142, 5.47, '2024-04-22 05:58:22', '2024-05-13 01:27:16', 1),
	(1753, 144, 9, '2024-04-22 05:58:22', '2024-05-13 01:27:16', 1),
	(1754, 143, 170, '2024-04-22 05:58:22', '2024-05-13 01:27:17', 1),
	(1755, 141, 20, '2024-04-22 05:58:22', '2024-05-13 01:27:17', 1),
	(1756, 142, 5.33, '2024-04-22 05:59:22', '2024-05-13 01:27:17', 1),
	(1757, 144, 9, '2024-04-22 05:59:22', '2024-05-13 01:27:17', 1),
	(1758, 143, 169, '2024-04-22 05:59:22', '2024-05-13 01:27:17', 1),
	(1759, 141, 20, '2024-04-22 05:59:22', '2024-05-13 01:27:17', 1),
	(1760, 142, 5.43, '2024-04-22 06:00:22', '2024-05-13 01:27:17', 1),
	(1761, 144, 9, '2024-04-22 06:00:22', '2024-05-13 01:27:18', 1),
	(1762, 143, 169, '2024-04-22 06:00:22', '2024-05-13 01:27:18', 1),
	(1763, 141, 20, '2024-04-22 06:00:22', '2024-05-13 01:27:18', 1),
	(1764, 142, 5.61, '2024-04-22 06:01:22', '2024-05-13 01:27:18', 1),
	(1765, 144, 8, '2024-04-22 06:01:22', '2024-05-13 01:27:18', 1),
	(1766, 143, 169, '2024-04-22 06:01:22', '2024-05-13 01:27:18', 1),
	(1767, 141, 19, '2024-04-22 06:01:22', '2024-05-13 01:27:19', 1),
	(1768, 142, 5.07, '2024-04-22 06:02:23', '2024-05-13 01:27:19', 1),
	(1769, 144, 8, '2024-04-22 06:02:23', '2024-05-13 01:27:19', 1),
	(1770, 143, 166, '2024-04-22 06:02:23', '2024-05-13 01:27:19', 1),
	(1771, 141, 19, '2024-04-22 06:02:23', '2024-05-13 01:27:19', 1),
	(1772, 142, 5.65, '2024-04-22 06:03:23', '2024-05-13 01:27:20', 1),
	(1773, 144, 8, '2024-04-22 06:03:23', '2024-05-13 01:27:20', 1),
	(1774, 143, 169, '2024-04-22 06:03:23', '2024-05-13 01:27:20', 1),
	(1775, 141, 19, '2024-04-22 06:03:23', '2024-05-13 01:27:20', 1),
	(1776, 142, 5.17, '2024-04-22 06:04:23', '2024-05-13 01:27:20', 1);

-- Dumping structure for table water-monitoring-system-db.users
CREATE TABLE IF NOT EXISTS `users` (
  `user_id` int NOT NULL AUTO_INCREMENT,
  `firstname` varchar(64) COLLATE utf8mb4_unicode_ci NOT NULL,
  `middlename` varchar(64) COLLATE utf8mb4_unicode_ci DEFAULT NULL,
  `lastname` varchar(64) COLLATE utf8mb4_unicode_ci NOT NULL,
  `email` varchar(255) COLLATE utf8mb4_unicode_ci NOT NULL,
  `password` varchar(128) COLLATE utf8mb4_unicode_ci NOT NULL,
  PRIMARY KEY (`user_id`),
  UNIQUE KEY `email` (`email`),
  KEY `password` (`password`)
) ENGINE=InnoDB DEFAULT CHARSET=utf8mb4 COLLATE=utf8mb4_unicode_ci;

-- Dumping data for table water-monitoring-system-db.users: ~3 rows (approximately)
DELETE FROM `users`;
INSERT INTO `users` (`user_id`, `firstname`, `middlename`, `lastname`, `email`, `password`) VALUES
	(1, 'Reinhart', 'Ferrer', 'Logronio', 'reinhart.logronio@msugensan.edu.ph', '$2a$12$97pPAfoi/KcoKNeaUwYJAOqTV4fKMU6WpGBETtmswdHeiGppnlDpK'),
	(2, 'Nielmer', '', 'Camintoy', 'nielmer.camintoy@msugensan.edu.ph', '$2a$12$97pPAfoi/KcoKNeaUwYJAOqTV4fKMU6WpGBETtmswdHeiGppnlDpK'),
	(3, 'John Rey', NULL, 'Vilbar', 'johnrey.vilbar@msugensan.edu.ph', '$2a$12$97pPAfoi/KcoKNeaUwYJAOqTV4fKMU6WpGBETtmswdHeiGppnlDpK');

-- Dumping structure for table water-monitoring-system-db.user_notifications
CREATE TABLE IF NOT EXISTS `user_notifications` (
  `notification_id` int NOT NULL AUTO_INCREMENT,
  `user_id` int NOT NULL,
  `action` char(4) COLLATE utf8mb4_unicode_ci NOT NULL,
  `message` varchar(255) COLLATE utf8mb4_unicode_ci NOT NULL DEFAULT 'No Message',
  `issued_at` datetime NOT NULL DEFAULT CURRENT_TIMESTAMP,
  `isRead` tinyint DEFAULT '0',
  `read_at` datetime DEFAULT NULL,
  PRIMARY KEY (`notification_id`),
  KEY `notification_user_id` (`user_id`),
  KEY `notification_action` (`action`),
  CONSTRAINT `notification_action` FOREIGN KEY (`action`) REFERENCES `parameter_threshold_actions` (`action`) ON UPDATE CASCADE,
  CONSTRAINT `notification_user_id` FOREIGN KEY (`user_id`) REFERENCES `users` (`user_id`) ON DELETE CASCADE ON UPDATE CASCADE
) ENGINE=InnoDB DEFAULT CHARSET=utf8mb4 COLLATE=utf8mb4_unicode_ci;

-- Dumping data for table water-monitoring-system-db.user_notifications: ~0 rows (approximately)
DELETE FROM `user_notifications`;

-- Dumping structure for view water-monitoring-system-db.view_dashboard_ponds_monitored
-- Creating temporary table to overcome VIEW dependency errors
CREATE TABLE `view_dashboard_ponds_monitored` (
	`farmer_id` INT(10) NOT NULL,
	`farm_id` INT(10) NOT NULL,
	`ponds_monitored` BIGINT(19) NOT NULL
) ENGINE=MyISAM;

-- Dumping structure for view water-monitoring-system-db.view_farmer_farm
-- Creating temporary table to overcome VIEW dependency errors
CREATE TABLE `view_farmer_farm` (
	`role` CHAR(5) NOT NULL COLLATE 'utf8mb4_unicode_ci',
	`user_id` INT(10) NOT NULL,
	`latitude` DECIMAL(10,8) NULL,
	`longitude` DECIMAL(11,8) NULL,
	`map_timestamp` TIMESTAMP NULL,
	`farm_id` INT(10) NOT NULL,
	`name` VARCHAR(128) NOT NULL COLLATE 'utf8mb4_unicode_ci',
	`address_street` VARCHAR(128) NOT NULL COLLATE 'utf8mb4_unicode_ci',
	`address_city` VARCHAR(128) NOT NULL COLLATE 'utf8mb4_unicode_ci',
	`address_province` VARCHAR(128) NOT NULL COLLATE 'utf8mb4_unicode_ci',
	`is_approved` TINYINT(3) NOT NULL
) ENGINE=MyISAM;

-- Dumping structure for view water-monitoring-system-db.view_farmer_ponds
-- Creating temporary table to overcome VIEW dependency errors
CREATE TABLE `view_farmer_ponds` (
	`user_id` INT(10) NOT NULL,
	`farm_id` INT(10) NOT NULL,
	`pond_id` INT(10) NOT NULL,
	`latitude` DECIMAL(10,8) NULL,
	`longitude` DECIMAL(11,8) NULL,
	`map_timestamp` TIMESTAMP NULL,
	`device_id` CHAR(36) NULL COLLATE 'utf8mb4_unicode_ci',
	`status` VARCHAR(8) NULL COLLATE 'utf8mb4_unicode_ci',
	`last_established_connection` TIMESTAMP NULL,
	`name` VARCHAR(32) NOT NULL COLLATE 'utf8mb4_unicode_ci',
	`width` DOUBLE NULL,
	`length` DOUBLE NULL,
	`depth` DOUBLE NULL,
	`method` VARCHAR(50) NULL COLLATE 'utf8mb4_unicode_ci'
) ENGINE=MyISAM;

-- Dumping structure for view water-monitoring-system-db.view_farm_farmers
-- Creating temporary table to overcome VIEW dependency errors
CREATE TABLE `view_farm_farmers` (
	`farm_id` INT(10) NOT NULL,
	`farmer_id` INT(10) NOT NULL,
	`role` CHAR(5) NOT NULL COLLATE 'utf8mb4_unicode_ci',
	`is_approved` TINYINT(3) NOT NULL,
	`user_id` INT(10) NOT NULL,
	`firstname` VARCHAR(64) NOT NULL COLLATE 'utf8mb4_unicode_ci',
	`middlename` VARCHAR(64) NULL COLLATE 'utf8mb4_unicode_ci',
	`lastname` VARCHAR(64) NOT NULL COLLATE 'utf8mb4_unicode_ci',
	`email` VARCHAR(255) NOT NULL COLLATE 'utf8mb4_unicode_ci',
	`password` VARCHAR(128) NOT NULL COLLATE 'utf8mb4_unicode_ci'
) ENGINE=MyISAM;

-- Dumping structure for view water-monitoring-system-db.view_farm_reading_count
-- Creating temporary table to overcome VIEW dependency errors
CREATE TABLE `view_farm_reading_count` (
	`farm_id` INT(10) NULL,
	`count` BIGINT(19) NOT NULL
) ENGINE=MyISAM;

-- Dumping structure for view water-monitoring-system-db.view_pond_parameters
-- Creating temporary table to overcome VIEW dependency errors
CREATE TABLE `view_pond_parameters` (
	`parameter_id` INT(10) NOT NULL,
	`pond_id` INT(10) NULL,
	`parameter` VARCHAR(3) NULL COLLATE 'utf8mb4_unicode_ci',
	`name` VARCHAR(64) NULL COLLATE 'utf8mb4_unicode_ci',
	`unit` VARCHAR(16) NULL COLLATE 'utf8mb4_unicode_ci',
	`count` BIGINT(19) NOT NULL
) ENGINE=MyISAM;

-- Dumping structure for view water-monitoring-system-db.view_pond_parameter_readings
-- Creating temporary table to overcome VIEW dependency errors
CREATE TABLE `view_pond_parameter_readings` (
	`pond_id` INT(10) NOT NULL,
	`parameter_id` INT(10) NOT NULL,
	`reading_id` INT(10) NOT NULL,
	`parameter` VARCHAR(3) NOT NULL COLLATE 'utf8mb4_unicode_ci',
	`name` VARCHAR(64) NOT NULL COLLATE 'utf8mb4_unicode_ci',
	`unit` VARCHAR(16) NOT NULL COLLATE 'utf8mb4_unicode_ci',
	`value` DOUBLE NOT NULL,
	`recorded_at` TIMESTAMP NOT NULL,
	`modified_at` TIMESTAMP NOT NULL,
	`isRecordedBySensor` TINYINT(3) NOT NULL
) ENGINE=MyISAM;

-- Dumping structure for view water-monitoring-system-db.view_pond_readings
-- Creating temporary table to overcome VIEW dependency errors
CREATE TABLE `view_pond_readings` (
	`pond_id` INT(10) NOT NULL,
	`recorded_at` TIMESTAMP NOT NULL,
	`temperature` DOUBLE NULL,
	`ph` DOUBLE NULL,
	`ammonia` DOUBLE NULL,
	`tds` DOUBLE NULL
) ENGINE=MyISAM;

-- Dumping structure for view water-monitoring-system-db.view_reading_notifications
-- Creating temporary table to overcome VIEW dependency errors
CREATE TABLE `view_reading_notifications` (
	`pond_reading_notifications` INT(10) NOT NULL,
	`user_id` INT(10) NOT NULL,
	`issued_at` TIMESTAMP NOT NULL,
	`is_resoved` TINYINT(3) NULL,
	`date_resolved` TIMESTAMP NULL,
	`threshold_id` INT(10) NULL,
	`parameter` VARCHAR(3) NULL COLLATE 'utf8mb4_unicode_ci',
	`parameter_name` VARCHAR(64) NULL COLLATE 'utf8mb4_unicode_ci',
	`unit` VARCHAR(16) NULL COLLATE 'utf8mb4_unicode_ci',
	`type` CHAR(2) NULL COLLATE 'utf8mb4_unicode_ci',
	`action` CHAR(4) NULL COLLATE 'utf8mb4_unicode_ci',
	`target` DOUBLE NULL,
	`reading_id` INT(10) NULL,
	`value` DOUBLE NULL,
	`recorded_at` TIMESTAMP NULL,
	`isRecordedBySensor` TINYINT(3) NULL,
	`parameter_id` INT(10) NULL,
	`pond_id` INT(10) NULL,
	`pond_name` VARCHAR(32) NULL COLLATE 'utf8mb4_unicode_ci'
) ENGINE=MyISAM;

-- Dumping structure for view water-monitoring-system-db.view_reading_notifications_count
-- Creating temporary table to overcome VIEW dependency errors
CREATE TABLE `view_reading_notifications_count` (
	`user_id` INT(10) NOT NULL,
	`count` BIGINT(19) NOT NULL
) ENGINE=MyISAM;

-- Dumping structure for view water-monitoring-system-db.view_user_notifications_count
-- Creating temporary table to overcome VIEW dependency errors
CREATE TABLE `view_user_notifications_count` (
	`user_id` INT(10) NOT NULL,
	`count` BIGINT(19) NOT NULL
) ENGINE=MyISAM;

-- Dumping structure for view water-monitoring-system-db.view_user_water_quality_notifications
-- Creating temporary table to overcome VIEW dependency errors
CREATE TABLE `view_user_water_quality_notifications` (
	`user_id` INT(10) NULL,
	`farm_id` INT(10) NULL,
	`name` VARCHAR(32) NULL COLLATE 'utf8mb4_unicode_ci',
	`latitude` DECIMAL(10,8) NULL,
	`longitude` DECIMAL(11,8) NULL,
	`status` VARCHAR(8) NULL COLLATE 'utf8mb4_unicode_ci',
	`notification_id` INT(10) NOT NULL,
	`pond_id` INT(10) NULL,
	`water_quality` VARCHAR(50) NOT NULL COLLATE 'utf8mb4_unicode_ci',
	`is_resolved` TINYINT(3) NOT NULL,
	`date_resolved` TIMESTAMP NULL,
	`date_issued` TIMESTAMP NOT NULL,
	`date_modified` TIMESTAMP NULL
) ENGINE=MyISAM;

-- Dumping structure for table water-monitoring-system-db.water_change_schedules
CREATE TABLE IF NOT EXISTS `water_change_schedules` (
  `water_change_schedule_id` int NOT NULL AUTO_INCREMENT,
  `water_change_schedule` timestamp NOT NULL,
  `duration` int NOT NULL DEFAULT (1),
  `duration_unit` varchar(50) COLLATE utf8mb4_unicode_ci NOT NULL DEFAULT 'day',
  `date_created` timestamp NOT NULL DEFAULT (now()),
  PRIMARY KEY (`water_change_schedule_id`)
) ENGINE=InnoDB DEFAULT CHARSET=utf8mb4 COLLATE=utf8mb4_unicode_ci;

-- Dumping data for table water-monitoring-system-db.water_change_schedules: ~0 rows (approximately)
DELETE FROM `water_change_schedules`;

-- Dumping structure for trigger water-monitoring-system-db.parameters_after_pond_insert
SET @OLDTMP_SQL_MODE=@@SQL_MODE, SQL_MODE='STRICT_TRANS_TABLES,ERROR_FOR_DIVISION_BY_ZERO,NO_ENGINE_SUBSTITUTION';
DELIMITER //
CREATE TRIGGER `parameters_after_pond_insert` AFTER INSERT ON `ponds` FOR EACH ROW BEGIN
	INSERT INTO parameters (pond_id, parameter)VALUES
      (NEW.pond_id, 'TMP'),
      (NEW.pond_id, 'PH'),
      (NEW.pond_id, 'TDS'),
      (NEW.pond_id, 'AMN');
END//
DELIMITER ;
SET SQL_MODE=@OLDTMP_SQL_MODE;

-- Removing temporary table and create final VIEW structure
DROP TABLE IF EXISTS `view_dashboard_ponds_monitored`;
CREATE ALGORITHM=UNDEFINED SQL SECURITY DEFINER VIEW `view_dashboard_ponds_monitored` AS select `farm_farmer`.`farmer_id` AS `farmer_id`,`farms`.`farm_id` AS `farm_id`,count(`ponds`.`device_id`) AS `ponds_monitored` from ((`farm_farmer` join `farms` on((`farm_farmer`.`farmer_id` = `farms`.`farm_id`))) join `ponds` on((`farms`.`farm_id` = `ponds`.`farm_id`))) group by `farm_farmer`.`farmer_id`,`farms`.`farm_id`;

-- Removing temporary table and create final VIEW structure
DROP TABLE IF EXISTS `view_farmer_farm`;
CREATE ALGORITHM=UNDEFINED SQL SECURITY DEFINER VIEW `view_farmer_farm` AS select `farm_farmer`.`role` AS `role`,`farm_farmer`.`farmer_id` AS `user_id`,`farms`.`latitude` AS `latitude`,`farms`.`longitude` AS `longitude`,`farms`.`map_timestamp` AS `map_timestamp`,`farms`.`farm_id` AS `farm_id`,`farms`.`name` AS `name`,`farms`.`address_street` AS `address_street`,`farms`.`address_city` AS `address_city`,`farms`.`address_province` AS `address_province`,`farm_farmer`.`is_approved` AS `is_approved` from (`farm_farmer` join `farms` on((`farm_farmer`.`farm_id` = `farms`.`farm_id`)));

-- Removing temporary table and create final VIEW structure
DROP TABLE IF EXISTS `view_farmer_ponds`;
CREATE ALGORITHM=UNDEFINED SQL SECURITY DEFINER VIEW `view_farmer_ponds` AS select `farm_farmer`.`farmer_id` AS `user_id`,`farms`.`farm_id` AS `farm_id`,`ponds`.`pond_id` AS `pond_id`,`ponds`.`latitude` AS `latitude`,`ponds`.`longitude` AS `longitude`,`ponds`.`map_timestamp` AS `map_timestamp`,`ponds`.`device_id` AS `device_id`,`devices`.`status` AS `status`,`devices`.`last_established_connection` AS `last_established_connection`,`ponds`.`name` AS `name`,`ponds`.`width` AS `width`,`ponds`.`length` AS `length`,`ponds`.`depth` AS `depth`,`ponds`.`method` AS `method` from (((`ponds` left join `devices` on((`ponds`.`device_id` = `devices`.`device_id`))) join `farms` on((`ponds`.`farm_id` = `farms`.`farm_id`))) join `farm_farmer` on((`farm_farmer`.`farm_id` = `farms`.`farm_id`)));

-- Removing temporary table and create final VIEW structure
DROP TABLE IF EXISTS `view_farm_farmers`;
CREATE ALGORITHM=UNDEFINED SQL SECURITY DEFINER VIEW `view_farm_farmers` AS select `farm_farmer`.`farm_id` AS `farm_id`,`farm_farmer`.`farmer_id` AS `farmer_id`,`farm_farmer`.`role` AS `role`,`farm_farmer`.`is_approved` AS `is_approved`,`users`.`user_id` AS `user_id`,`users`.`firstname` AS `firstname`,`users`.`middlename` AS `middlename`,`users`.`lastname` AS `lastname`,`users`.`email` AS `email`,`users`.`password` AS `password` from (`farm_farmer` join `users` on((`farm_farmer`.`farmer_id` = `users`.`user_id`)));

-- Removing temporary table and create final VIEW structure
DROP TABLE IF EXISTS `view_farm_reading_count`;
CREATE ALGORITHM=UNDEFINED SQL SECURITY DEFINER VIEW `view_farm_reading_count` AS select `farms`.`farm_id` AS `farm_id`,count(`view_pond_parameter_readings`.`reading_id`) AS `count` from ((`view_pond_parameter_readings` left join `ponds` on((`view_pond_parameter_readings`.`pond_id` = `ponds`.`pond_id`))) left join `farms` on((`ponds`.`farm_id` = `farms`.`farm_id`))) group by `farms`.`farm_id`;

-- Removing temporary table and create final VIEW structure
DROP TABLE IF EXISTS `view_pond_parameters`;
CREATE ALGORITHM=UNDEFINED SQL SECURITY DEFINER VIEW `view_pond_parameters` AS select `parameters`.`parameter_id` AS `parameter_id`,`parameters`.`pond_id` AS `pond_id`,`parameter_list`.`parameter` AS `parameter`,`parameter_list`.`name` AS `name`,`parameter_list`.`unit` AS `unit`,count(`readings`.`reading_id`) AS `count` from ((`parameters` left join `parameter_list` on((`parameters`.`parameter` = `parameter_list`.`parameter`))) left join `readings` on((`readings`.`parameter_id` = `parameters`.`parameter_id`))) group by `parameters`.`parameter_id`;

-- Removing temporary table and create final VIEW structure
DROP TABLE IF EXISTS `view_pond_parameter_readings`;
CREATE ALGORITHM=UNDEFINED SQL SECURITY DEFINER VIEW `view_pond_parameter_readings` AS select `ponds`.`pond_id` AS `pond_id`,`parameters`.`parameter_id` AS `parameter_id`,`readings`.`reading_id` AS `reading_id`,`parameters`.`parameter` AS `parameter`,`parameter_list`.`name` AS `name`,`parameter_list`.`unit` AS `unit`,`readings`.`value` AS `value`,`readings`.`recorded_at` AS `recorded_at`,`readings`.`modified_at` AS `modified_at`,`readings`.`isRecordedBySensor` AS `isRecordedBySensor` from (((`readings` join `parameters` on((`readings`.`parameter_id` = `parameters`.`parameter_id`))) join `parameter_list` on((`parameters`.`parameter` = `parameter_list`.`parameter`))) join `ponds` on((`parameters`.`pond_id` = `ponds`.`pond_id`)));

-- Removing temporary table and create final VIEW structure
DROP TABLE IF EXISTS `view_pond_readings`;
CREATE ALGORITHM=UNDEFINED SQL SECURITY DEFINER VIEW `view_pond_readings` AS select `view_pond_parameter_readings`.`pond_id` AS `pond_id`,`view_pond_parameter_readings`.`recorded_at` AS `recorded_at`,max((case when (`view_pond_parameter_readings`.`parameter` = 'tmp') then `view_pond_parameter_readings`.`value` end)) AS `temperature`,max((case when (`view_pond_parameter_readings`.`parameter` = 'ph') then `view_pond_parameter_readings`.`value` end)) AS `ph`,max((case when (`view_pond_parameter_readings`.`parameter` = 'amn') then `view_pond_parameter_readings`.`value` end)) AS `ammonia`,max((case when (`view_pond_parameter_readings`.`parameter` = 'tds') then `view_pond_parameter_readings`.`value` end)) AS `tds` from `view_pond_parameter_readings` group by `view_pond_parameter_readings`.`pond_id`,`view_pond_parameter_readings`.`recorded_at`;

-- Removing temporary table and create final VIEW structure
DROP TABLE IF EXISTS `view_reading_notifications`;
CREATE ALGORITHM=UNDEFINED SQL SECURITY DEFINER VIEW `view_reading_notifications` AS select `pond_reading_notifications`.`reading_notification_id` AS `pond_reading_notifications`,`pond_reading_notifications`.`user_id` AS `user_id`,`pond_reading_notifications`.`issued_at` AS `issued_at`,`pond_reading_notifications`.`is_resolved` AS `is_resoved`,`pond_reading_notifications`.`date_resolved` AS `date_resolved`,`parameter_thresholds`.`threshold_id` AS `threshold_id`,`parameter_thresholds`.`parameter` AS `parameter`,`parameter_list`.`name` AS `parameter_name`,`parameter_list`.`unit` AS `unit`,`parameter_thresholds`.`type` AS `type`,`parameter_thresholds`.`action` AS `action`,`parameter_thresholds`.`target` AS `target`,`readings`.`reading_id` AS `reading_id`,`readings`.`value` AS `value`,`readings`.`recorded_at` AS `recorded_at`,`readings`.`isRecordedBySensor` AS `isRecordedBySensor`,`parameters`.`parameter_id` AS `parameter_id`,`ponds`.`pond_id` AS `pond_id`,`ponds`.`name` AS `pond_name` from (((((`pond_reading_notifications` left join `parameter_thresholds` on((`pond_reading_notifications`.`threshold_id` = `parameter_thresholds`.`threshold_id`))) left join `readings` on((`pond_reading_notifications`.`reading_id` = `readings`.`reading_id`))) left join `parameters` on((`readings`.`parameter_id` = `parameters`.`parameter_id`))) left join `parameter_list` on((`parameters`.`parameter` = `parameter_list`.`parameter`))) left join `ponds` on((`parameters`.`pond_id` = `ponds`.`pond_id`)));

-- Removing temporary table and create final VIEW structure
DROP TABLE IF EXISTS `view_reading_notifications_count`;
CREATE ALGORITHM=UNDEFINED SQL SECURITY DEFINER VIEW `view_reading_notifications_count` AS select `users`.`user_id` AS `user_id`,count(`pond_reading_notifications`.`reading_notification_id`) AS `count` from (`users` left join `pond_reading_notifications` on((`users`.`user_id` = `pond_reading_notifications`.`user_id`))) group by `users`.`user_id`;

-- Removing temporary table and create final VIEW structure
DROP TABLE IF EXISTS `view_user_notifications_count`;
CREATE ALGORITHM=UNDEFINED SQL SECURITY DEFINER VIEW `view_user_notifications_count` AS select `users`.`user_id` AS `user_id`,count(`user_notifications`.`notification_id`) AS `count` from (`users` left join `user_notifications` on((`users`.`user_id` = `user_notifications`.`user_id`))) where (`user_notifications`.`isRead` = false) group by `users`.`user_id`;

-- Removing temporary table and create final VIEW structure
DROP TABLE IF EXISTS `view_user_water_quality_notifications`;
CREATE ALGORITHM=UNDEFINED SQL SECURITY DEFINER VIEW `view_user_water_quality_notifications` AS select `view_farmer_ponds`.`user_id` AS `user_id`,`view_farmer_ponds`.`farm_id` AS `farm_id`,`view_farmer_ponds`.`name` AS `name`,`view_farmer_ponds`.`latitude` AS `latitude`,`view_farmer_ponds`.`longitude` AS `longitude`,`view_farmer_ponds`.`status` AS `status`,`pond_water_quality_notifications`.`notification_id` AS `notification_id`,`pond_water_quality_notifications`.`pond_id` AS `pond_id`,`pond_water_quality_notifications`.`water_quality` AS `water_quality`,`pond_water_quality_notifications`.`is_resolved` AS `is_resolved`,`pond_water_quality_notifications`.`date_resolved` AS `date_resolved`,`pond_water_quality_notifications`.`date_issued` AS `date_issued`,`pond_water_quality_notifications`.`date_modified` AS `date_modified` from (`pond_water_quality_notifications` left join `view_farmer_ponds` on((`view_farmer_ponds`.`pond_id` = `pond_water_quality_notifications`.`pond_id`)));

/*!40103 SET TIME_ZONE=IFNULL(@OLD_TIME_ZONE, 'system') */;
/*!40101 SET SQL_MODE=IFNULL(@OLD_SQL_MODE, '') */;
/*!40014 SET FOREIGN_KEY_CHECKS=IFNULL(@OLD_FOREIGN_KEY_CHECKS, 1) */;
/*!40101 SET CHARACTER_SET_CLIENT=@OLD_CHARACTER_SET_CLIENT */;
/*!40111 SET SQL_NOTES=IFNULL(@OLD_SQL_NOTES, 1) */;
